7254#Has_Status,13843#Has_Direct_Object,48333#Has_Direct_Object,7802#Has_Constraint,7864#Has_Result,7864#Has_Preposition_Object,8744#Has_Direct_Object,8746#Has_Preposition_Object,action#Has_Event,24800#Has_Preposition_Object,9435#Has_Manner,48294#Has_Status,13078#Has_Direct_Object,7659#Has_Status,13078#Has_Constraint,33431#Has_Direct_Object,13112#Has_Direct_Object,48336#Has_Direct_Object,517#Has_Status,9462#Has_Direct_Object,1501#Has_Status,9442#Has_Status,9443#Has_Location,19#Has_Status,7846#Has_Direct_Object,7856#Has_Direct_Object,13215#Has_Direct_Object,9434#Has_Status,9904#Has_Direct_Object,14303#Has_Direct_Object,48295#Has_Direct_Object,7802#Has_Location,13112#Has_Preposition_Object,20#Has_Constraint,20#Has_Result,7852#Has_Direct_Object,20#Has_Direction,9939#Has_Direct_Object,24800#Has_Manner,7802#Has_Manner,9435#Has_Location,13249#Has_Direct_Object,7833#Has_Direct_Object,9435#Has_Direct_Object,7864#Has_Manner,20#Has_Direct_Object,8990#Has_Status,24800#Has_Direct_Object,7802#Has_Preposition_Object,7833#Has_Result,9443#Has_Temporal,8814#Has_Direct_Object,7802#Has_Direct_Object,7823#Has_Status,8741#Has_Preposition_Object,48295#Has_Constraint,13961#Has_Direct_Object,7849#Has_Direct_Object,13283#Has_Preposition_Object,8814#Has_Preposition_Object,13843#Has_Preposition_Object,13283#Has_Direct_Object,8746#Has_Location,13961#Has_Purpose,1514#Has_Status,9443#Has_Direct_Object,7802#Has_Result,7824#Has_Direct_Object,20#Has_Preposition_Object,1187#Has_Status,8746#Has_Direct_Object,8741#Has_Direct_Object,36136#Has_Direct_Object,19#Has_Type,9443#Has_Manner,19534#Has_Status,7864#Has_Direct_Object,api_method
7254,13843,48333,7802,7864,7864,8744,8746,20,24800,9435,48294,13078,7659,13078,33431,13112,48336,517,9462,1501,9442,9443,19,7846,7856,13215,9434,9904,14303,48295,7802,13112,20,20,7852,20,9939,24800,7802,9435,13249,7833,9435,7864,19,8990,24800,7802,7833,9443,8814,7802,7823,8741,48295,13961,7849,13283,8814,13843,13283,8746,13961,1514,9443,7802,7824,20,1187,8746,8741,36136,19,9443,19534,7864,13210
7254,13843,48333,7802,7864,7864,8744,8746,9904,24800,9435,48294,13078,7659,13078,33431,13112,48336,517,9462,1501,9442,9443,19,7846,7856,13215,9434,9886,14303,48295,7802,13112,20,20,7852,20,9939,24800,7802,9435,13249,7833,9435,7864,20,8990,24800,7802,7833,9443,8814,7802,7823,8741,48295,13961,7849,13283,8814,13843,13283,8746,13961,1514,9443,7802,7824,20,1187,8746,8741,36136,19,9443,19534,7864,9905
7254,13843,48333,7802,7864,7864,8744,8746,7864,24800,9435,48294,13078,7659,13078,33431,13112,48336,517,9462,1501,9442,9443,19,7846,7856,13215,9434,9904,14303,48295,7802,13112,20,20,7852,20,9939,24800,7802,9435,13249,7833,9435,13114,20,8990,24800,7802,7833,9443,8814,7802,7823,8741,48295,13961,7849,13283,8814,13843,13283,8746,13961,1514,9443,7802,7824,20,1187,8746,8741,36136,19,9443,19534,1501,47554
7254,13843,48333,7802,7864,7864,8744,8746,13215,24800,9435,48294,13078,7659,13078,33431,13112,48336,517,9462,1501,9442,9443,19,7846,7856,13214,9434,9904,14303,48295,7802,13112,20,20,7852,20,9939,24800,7802,9435,13249,7833,9435,7864,20,8990,24800,7802,7833,9443,8814,7802,7823,8741,48295,13961,7849,13283,8814,13843,13283,8746,13961,1514,9443,7802,7824,20,1187,8746,8741,36136,19,9443,19534,7864,13212
7254,13843,48333,7802,7864,7864,8744,8746,24800,24800,9435,48294,13078,7659,13078,33431,13112,48336,517,9462,1501,9442,9443,19,7846,7856,13215,9434,9904,14303,48295,7802,13112,20,20,7852,20,9939,24801,7802,9435,13249,7833,9435,7864,20,8990,869,7802,7833,9443,8814,7802,7823,8741,48295,13961,7849,13283,8814,13843,13283,8746,13961,1514,9443,7802,7824,20,1187,8746,8741,36136,19,9443,19534,7864,24799
7254,13843,48333,7802,7864,7864,8744,8746,7856,24800,9435,48294,13078,7659,13078,33431,13112,48336,517,9462,1501,9442,9443,19,7846,7855,13215,9434,9904,14303,48295,7802,13112,20,20,7852,20,9939,24800,7802,9435,13249,7833,9435,7864,20,8990,24800,7802,7833,9443,8814,7802,7823,8741,48295,13961,7849,13283,8814,13843,13283,8746,13961,1514,9443,7802,7824,20,1187,8746,8741,36136,19,9443,19534,7864,7857
7254,13843,48333,7802,7864,7864,8744,8746,9939,24800,9435,48294,13078,7659,13078,33431,13112,48336,517,9462,1501,9442,9443,19,7846,7856,13215,9434,9904,14303,48295,7802,13112,20,20,7852,20,9886,24800,7802,9435,13249,7833,9435,7864,20,8990,24800,7802,7833,9443,8814,7802,7823,8741,48295,13961,7849,13283,8814,13843,13283,8746,13961,1514,9443,7802,7824,20,1187,8746,8741,36136,19,9443,19534,7864,9938
7254,13843,48333,7802,7864,7864,8744,8746,7833,24800,9435,48294,13078,7659,13078,33431,13112,48336,517,9462,1501,9442,9443,19,7846,7856,13215,9434,9904,14303,48295,7802,13112,20,20,7852,20,9939,24800,7802,9435,13249,7832,9435,7864,20,8990,24800,7802,7833,9443,8814,7802,7823,8741,48295,13961,7849,13283,8814,13843,13283,8746,13961,1514,9443,7802,7824,20,1187,8746,8741,36136,19,9443,19534,7864,7831
7254,13843,48333,7802,7864,7864,8744,8746,13078,24800,9435,48294,1501,7659,13174,33431,13112,48336,517,9462,1501,9442,9443,19,7846,7856,13215,9434,9904,14303,48295,7802,13112,20,20,7852,20,9939,24800,7802,9435,13249,7833,9435,7864,20,8990,24800,7802,7833,9443,8814,7802,7823,8741,48295,13961,7849,13283,8814,13843,13283,8746,13961,1514,9443,7802,7824,20,1187,8746,8741,36136,19,9443,19534,7864,13175
7254,13843,48333,7802,7864,7864,8744,8746,9462,24800,9435,48294,13078,7659,13078,33431,13112,48336,517,9461,1501,9442,9443,19,7846,7856,13215,9434,9904,14303,48295,7802,13112,20,20,7852,20,9939,24800,7802,9435,13249,7833,9435,7864,20,8990,24800,7802,7833,9443,8814,7802,7823,8741,48295,13961,7849,13283,8814,13843,13283,8746,13961,1514,9443,7802,7824,20,1187,8746,8741,36136,19,9443,19534,7864,9460
7254,13843,48333,7802,7864,7864,8744,8746,7864,24800,9435,48294,13078,7659,13078,33431,13112,48336,517,9462,1501,9442,9443,19,7846,7856,13215,9434,9904,14303,48295,7802,13112,20,20,7852,20,9939,24800,7802,9435,13249,7833,9435,13114,20,8990,24800,7802,7833,9443,8814,7802,7823,8741,48295,13961,7849,13283,8814,13843,13283,8746,13961,1514,9443,7802,7824,20,1187,8746,8741,36136,19,9443,19534,1501,13113
7254,13843,48333,7802,7864,7864,8744,8746,13249,24800,9435,48294,13078,7659,13078,33431,13112,48336,517,9462,1501,9442,9443,19,7846,7856,13215,9434,9904,14303,48295,7802,13112,20,20,7852,20,9939,24800,7802,9435,13248,7833,9435,7864,20,8990,24800,7802,7833,9443,8814,7802,7823,8741,48295,13961,7849,13283,8814,13843,13283,8746,13961,1514,9443,7802,7824,20,1187,8746,8741,36136,19,9443,19534,7864,47582
7254,13843,48333,7802,7864,7864,8744,2160,8746,24800,9435,48294,13078,7659,13078,33431,13112,48336,517,9462,1501,9442,9443,19,7846,7856,13215,9434,9904,14303,48295,7802,13112,20,20,7852,20,9939,24800,7802,9435,13249,7833,9435,7864,20,8990,24800,7802,7833,9443,8814,7802,7823,8741,48295,13961,7849,13283,8814,13843,13283,8746,13961,1514,9443,7802,7824,20,1187,8470,8741,36136,19,9443,19534,7864,8747
7254,13841,48333,7802,7864,7864,8744,8746,13843,24800,9435,48294,13078,7659,13078,33431,13112,48336,517,9462,1501,9442,9443,19,7846,7856,13215,9434,9904,14303,48295,7802,13112,20,20,7852,20,9939,24800,7802,9435,13249,7833,9435,7864,20,8990,24800,7802,7833,9443,8814,7802,7823,8741,48295,13961,7849,13283,8814,13849,13283,8746,13961,1514,9443,7802,7824,20,1187,8746,8741,36136,19,9443,19534,7864,13848
7254,13843,48333,7802,7864,7864,8744,8746,20,24800,9435,48294,13078,7659,13078,33431,13112,48336,517,9462,1501,9442,9443,19,7846,7856,13215,9434,9904,14303,48295,7802,13112,20,20,7852,20,9939,24800,7802,9435,13249,7833,9435,7864,19,8990,24800,7802,7833,9443,8814,7802,7823,8741,48295,13961,7849,13283,8814,13843,13283,8746,13961,1514,9443,7802,7824,20,1187,8746,8741,36136,19,9443,19534,7864,47576
7254,13843,48333,7802,7864,7864,8744,8746,13249,24800,9435,48294,13078,7659,13078,33431,13112,48336,517,9462,1501,9442,9443,19,7846,7856,13215,9434,9904,14303,48295,7802,13112,20,20,7852,20,9939,24800,7802,9435,13248,7833,9435,7864,20,8990,24800,7802,7833,9443,8814,7802,7823,8741,48295,13961,7849,13283,8814,13843,13283,8746,13961,1514,9443,7802,7824,20,1187,8746,8741,36136,19,9443,19534,7864,13281
7254,13843,48333,7802,7864,7864,8744,8746,9443,24800,9435,48294,13078,7659,13078,33431,13112,48336,517,9462,1501,29,9446,19,7846,7856,13215,9434,9904,14303,48295,7802,13112,20,20,7852,20,9939,24800,7802,9435,13249,7833,9435,7864,20,8990,24800,7802,7833,9443,8814,7802,7823,8741,48295,13961,7849,13283,8814,13843,13283,8746,13961,1514,9442,7802,7824,20,1187,8746,8741,36136,19,9443,19534,7864,47491
7254,13843,48333,7802,7864,7864,8744,8746,8814,24800,9435,48294,13078,7659,13078,33431,13112,48336,517,9462,1501,9442,9443,19,7846,7856,13215,9434,9904,14303,48295,7802,13112,20,20,7852,20,9939,24800,7802,9435,13249,7833,9435,7864,20,8990,24800,7802,7833,9443,7251,7802,7823,8741,48295,13961,7849,13283,8813,13843,13283,8746,13961,1514,9443,7802,7824,20,1187,8746,8741,36136,19,9443,19534,7864,8812
7254,13843,48333,7802,7864,7864,8744,8746,7824,24800,9435,48294,13078,7659,13078,33431,13112,48336,517,9462,1501,9442,9443,19,7846,7856,13215,9434,9904,14303,48295,7802,13112,20,20,7852,20,9939,24800,7802,9435,13249,7833,9435,7864,20,8990,24800,7802,7833,9443,8814,7802,7823,8741,48295,13961,7849,13283,8814,13843,13283,8746,13961,1514,9443,7802,7823,20,1187,8746,8741,36136,19,9443,19534,7864,7827
7254,13843,48333,7802,7864,7864,8744,8746,7802,24800,9435,48294,13078,7659,13078,33431,13112,48336,517,9462,1501,9442,9443,19,7846,7856,13215,9434,9904,14303,48295,7809,13112,20,20,7852,20,9939,24800,7802,9435,13249,7833,9435,7864,20,8990,24800,7802,7833,9443,8814,1514,7823,8741,48295,13961,7849,13283,8814,13843,13283,8746,13961,7805,9443,7810,7824,20,1187,8746,8741,36136,19,9443,19534,7864,7808
7254,13843,48333,7802,7864,7864,8744,8746,9435,24800,9435,48294,13078,7659,13078,33431,13112,48336,517,9462,1501,9442,9443,19,7846,7856,13215,29,9904,14303,48295,7802,13112,20,20,7852,20,9939,24800,7802,9438,13249,7833,9434,7864,20,8990,24800,7802,7833,9443,8814,7802,7823,8741,48295,13961,7849,13283,8814,13843,13283,8746,13961,1514,9443,7802,7824,20,1187,8746,8741,36136,19,9443,19534,7864,9437
7254,13843,48333,7802,7864,7864,8744,8746,24800,24800,9435,48294,13078,7659,13078,33431,13112,48336,517,9462,1501,9442,9443,19,7846,7856,13215,9434,9904,14303,48295,7802,13112,20,20,7852,20,9939,24803,7802,9435,13249,7833,9435,7864,20,8990,869,7802,7833,9443,8814,7802,7823,8741,48295,13961,7849,13283,8814,13843,13283,8746,13961,1514,9443,7802,7824,20,1187,8746,8741,36136,19,9443,19534,7864,24802
7254,13843,48333,7802,7864,1501,8744,8746,7864,24800,9435,48294,13078,7659,13078,33431,13112,48336,517,9462,511,9442,9443,19,7846,7856,13215,9434,9904,14303,48295,7802,13112,20,20,7852,20,9939,24800,7802,9435,13249,7833,9435,13124,20,8990,24800,7802,7833,9443,8814,7802,7823,8741,48295,13961,7849,13283,8814,13843,13283,8746,13961,1514,9443,7802,7824,20,1187,8746,8741,36136,19,9443,19534,1501,47559
7254,13843,48333,7802,13124,1501,8744,8746,7864,24800,9435,48294,13078,7659,13078,33431,13112,48336,517,9462,511,9442,9443,19,7846,7856,13215,9434,9904,14303,48295,7802,13112,20,20,7852,20,9939,24800,7802,9435,13249,7833,9435,7864,20,8990,24800,7802,7833,9443,8814,7802,7823,8741,48295,13961,7849,13283,8814,13843,13283,8746,13961,1514,9443,7802,7824,20,1187,8746,8741,36136,19,9443,19534,1501,13125
7254,13843,48333,7802,7864,7864,8744,8746,13112,24800,9435,48294,13078,7659,13078,33431,1514,48336,517,9462,1501,9442,9443,19,7846,7856,13215,9434,9904,14303,48295,7802,101,20,20,7852,20,9939,24800,7802,9435,13249,7833,9435,7864,20,8990,24800,7802,7833,9443,8814,7802,7823,8741,48295,13961,7849,13283,8814,13843,13283,8746,13961,1514,9443,7802,7824,20,1187,8746,8741,36136,19,9443,19534,7864,13111
7254,13843,48333,7802,7864,7864,8744,8746,7846,24800,9435,48294,13078,7659,13078,33431,13112,48336,517,9462,1501,9442,9443,19,6139,7856,13215,9434,9904,14303,48295,7802,13112,20,20,7852,20,9939,24800,7802,9435,13249,7833,9435,7864,20,8990,24800,7802,7833,9443,8814,7802,7823,8741,48295,13961,7849,13283,8814,13843,13283,8746,13961,1514,9443,7802,7824,20,1187,8746,8741,36136,19,9443,19534,7864,7845
7254,13843,48333,7802,7864,1501,8744,8746,7864,24800,9435,48294,13078,7659,13078,33431,13112,48336,517,9462,511,9442,9443,19,7846,7856,13215,9434,9904,14303,48295,7802,13112,20,20,7852,20,9939,24800,7802,9435,13249,7833,9435,13124,20,8990,24800,7802,7833,9443,8814,7802,7823,8741,48295,13961,7849,13283,8814,13843,13283,8746,13961,1514,9443,7802,7824,20,1187,8746,8741,36136,19,9443,19534,1501,13123
7254,13843,48333,7802,7864,7864,8744,8746,7864,24800,9435,48294,13078,7659,13078,33431,13112,48336,517,9462,511,9442,9443,19,7846,7856,13215,9434,9904,14303,48295,7802,13112,20,20,7852,20,9939,24800,7802,9435,13249,7833,9435,7864,20,8990,24800,7802,7833,9443,8814,7802,7823,8741,48295,13961,7849,13283,8814,13843,13283,8746,13961,1514,9443,7802,7824,20,1187,8746,8741,36136,19,9443,19534,1501,13115
7254,13843,48333,7802,7864,7864,8744,8746,9443,24800,9435,48294,13078,7659,13078,33431,13112,48336,517,9462,1501,29,9438,19,7846,7856,13215,9434,9904,14303,48295,7802,13112,20,20,7852,20,9939,24800,7802,9435,13249,7833,9435,7864,20,8990,24800,7802,7833,9443,8814,7802,7823,8741,48295,13961,7849,13283,8814,13843,13283,8746,13961,1514,9442,7802,7824,20,1187,8746,8741,36136,19,9443,19534,7864,47490
7254,13843,48333,7802,7864,7864,8744,8746,9443,24800,9435,48294,13078,7659,13078,33431,13112,48336,517,9462,1501,29,9438,19,7846,7856,13215,9434,9904,14303,48295,7802,13112,20,20,7852,20,9939,24800,7802,9435,13249,7833,9435,7864,20,8990,24800,7802,7833,9443,8814,7802,7823,8741,48295,13961,7849,13283,8814,13843,13283,8746,13961,1514,9442,7802,7824,20,1187,8746,8741,36136,19,9443,19534,7864,9444
7254,13843,48333,7802,7864,7864,8744,8746,48336,24800,9435,48294,13078,7659,13078,33431,13112,48335,517,9462,1501,9442,9443,19,7846,7856,13215,9434,9904,14303,48295,7802,13112,20,20,7852,20,9939,24800,7802,9435,13249,7833,9435,7864,20,8990,24800,7802,7833,9443,8814,7802,7823,8741,48295,13961,7849,13283,8814,13843,13283,8746,13961,1514,9443,7802,7824,20,1187,8746,8741,36136,19,9443,19534,7864,48334
7254,13843,48333,7802,7864,7864,8744,8746,24800,24800,9435,48294,13078,7659,13078,33431,13112,48336,517,9462,1501,9442,9443,19,7846,7856,13215,9434,9904,14303,48295,7802,13112,20,20,7852,20,9939,24805,7802,9435,13249,7833,9435,7864,20,8990,869,7802,7833,9443,8814,7802,7823,8741,48295,13961,7849,13283,8814,13843,13283,8746,13961,1514,9443,7802,7824,20,1187,8746,8741,36136,19,9443,19534,7864,24804
7254,13843,48333,7802,7864,7864,8744,8746,13078,24800,9435,48294,1501,7659,13172,33431,13112,48336,517,9462,1501,9442,9443,19,7846,7856,13215,9434,9904,14303,48295,7802,13112,20,20,7852,20,9939,24800,7802,9435,13249,7833,9435,7864,20,8990,24800,7802,7833,9443,8814,7802,7823,8741,48295,13961,7849,13283,8814,13843,13283,8746,13961,1514,9443,7802,7824,20,1187,8746,8741,36136,19,9443,19534,7864,13171
7254,13843,48333,7802,7864,7864,8744,8746,7856,24800,9435,48294,13078,7659,13078,33431,13112,48336,517,9462,1501,9442,9443,19,7846,7855,13215,9434,9904,14303,48295,7802,13112,20,20,7852,20,9939,24800,7802,9435,13249,7833,9435,7864,20,8990,24800,7802,7833,9443,8814,7802,7823,8741,48295,13961,7849,13283,8814,13843,13283,8746,13961,1514,9443,7802,7824,20,1187,8746,8741,36136,19,9443,19534,7864,7858
7254,13843,48333,7802,7864,7864,8744,8746,7864,24800,9435,48294,13078,7659,13078,33431,13112,48336,517,9462,511,9442,9443,19,7846,7856,13215,9434,9904,14303,48295,7802,13112,20,20,7852,20,9939,24800,7802,9435,13249,7833,9435,7864,20,8990,24800,7802,7833,9443,8814,7802,7823,8741,48295,13961,7849,13283,8814,13843,13283,8746,13961,1514,9443,7802,7824,20,1187,8746,8741,36136,19,9443,19534,1501,47555
7254,13843,48333,7802,7864,7864,8744,8746,7864,24800,9435,48294,13078,7659,13078,33431,13112,48336,517,9462,1501,9442,9443,19,7846,7856,13215,9434,9904,14303,48295,7802,13112,20,20,7852,20,9939,24800,7802,9435,13249,7833,9435,7864,20,8990,24800,7802,7833,9443,8814,7802,7823,8741,48295,13961,7849,13283,8814,13843,13283,8746,13961,1514,9443,7802,7824,20,1187,8746,8741,36136,19,9443,19534,1501,7863
7254,13843,48333,7802,7864,7864,8744,8746,7852,24800,9435,48294,13078,7659,13078,33431,13112,48336,517,9462,1501,9442,9443,19,7846,7856,13215,9434,9904,14303,48295,7802,13112,20,20,7851,20,9939,24800,7802,9435,13249,7833,9435,7864,20,8990,24800,7802,7833,9443,8814,7802,7823,8741,48295,13961,7849,13283,8814,13843,13283,8746,13961,1514,9443,7802,7824,20,1187,8746,8741,36136,19,9443,19534,7864,7853
7254,13843,48333,7802,7864,7864,8744,8746,7802,24800,9435,48294,13078,7659,13078,33431,13112,48336,517,9462,7805,9442,9443,19,7846,7856,13215,9434,9904,14303,48295,7802,13112,20,20,7852,20,9939,24800,7807,9435,13249,7833,9435,7864,20,8990,24800,1501,7833,9443,8814,1514,7823,8741,48295,13961,7849,13283,8814,13843,13283,8746,13961,7805,9443,7802,7824,20,1187,8746,8741,36136,19,9443,19534,7864,7806
7254,13843,48333,7802,7864,7864,8744,8746,13112,24800,9435,48294,13078,7659,13078,33431,1514,48336,517,9462,1501,9442,9443,19,7846,7856,13215,9434,9904,14303,48295,7802,101,20,20,7852,20,9939,24800,7802,9435,13249,7833,9435,7864,20,8990,24800,7802,7833,9443,8814,7802,7823,8741,48295,13961,7849,13283,8814,13843,13283,8746,13961,1514,9443,7802,7824,20,1187,8746,8741,36136,19,9443,19534,7864,47553
7254,13843,48333,7802,7864,7864,8744,8746,13961,24800,9435,48294,13078,7659,13078,33431,13112,48336,517,9462,1501,9442,9443,19,7846,7856,13215,9434,9904,14303,48295,7802,13112,20,20,7852,20,9939,24800,7802,9435,13249,7833,9435,7864,20,8990,24800,7802,7833,9443,8814,7802,7823,8741,48295,1187,7849,13283,8814,13843,13283,8746,13961,1514,9443,7802,7824,20,1187,8746,8741,36136,19,9443,19534,7864,13960
7254,13843,48333,7802,7864,7864,8744,8746,14303,24800,9435,48294,13078,7659,13078,33431,13112,48336,517,9462,1501,9442,9443,19,7846,7856,13215,9434,9904,14302,48295,7802,13112,20,20,7852,20,9939,24800,7802,9435,13249,7833,9435,7864,20,8990,24800,7802,7833,9443,8814,7802,7823,8741,48295,13961,7849,13283,8814,13843,13283,8746,13961,1514,9443,7802,7824,20,1187,8746,8741,36136,19,9443,19534,7864,14301
7254,13843,48333,7802,7864,7864,8744,8746,13078,24800,9435,48294,1501,7659,13174,33431,13112,48336,517,9462,1501,9442,9443,19,7846,7856,13215,9434,9904,14303,48295,7802,13112,20,20,7852,20,9939,24800,7802,9435,13249,7833,9435,7864,20,8990,24800,7802,7833,9443,8814,7802,7823,8741,48295,13961,7849,13283,8814,13843,13283,8746,13961,1514,9443,7802,7824,20,1187,8746,8741,36136,19,9443,19534,7864,13173
7254,13843,48333,7802,7864,7864,8744,8746,7864,24800,9435,48294,13078,7659,13078,33431,13112,48336,517,9462,1501,9442,9443,19,7846,7856,13215,9434,9904,14303,48295,7802,13112,20,20,7852,20,9939,24800,7802,9435,13249,7833,9435,7864,20,8990,24800,7802,7833,9443,8814,7802,7823,8741,48295,13961,7849,13283,8814,13843,13283,8746,13961,1514,9443,7802,7824,20,1187,8746,8741,36136,19,9443,19534,1501,7865
7254,13843,48333,7802,7864,7864,8744,8746,9443,24800,9435,48294,13078,7659,13078,33431,13112,48336,517,9462,1501,29,9446,19,7846,7856,13215,9434,9904,14303,48295,7802,13112,20,20,7852,20,9939,24800,7802,9435,13249,7833,9435,7864,20,8990,24800,7802,7833,9443,8814,7802,7823,8741,48295,13961,7849,13283,8814,13843,13283,8746,13961,1514,9442,7802,7824,20,1187,8746,8741,36136,19,9443,19534,7864,9445
7254,13843,48333,7802,7864,7864,8743,8746,8744,24800,9435,48294,13078,7659,13078,33431,13112,48336,517,9462,1501,9442,9443,19,7846,7856,13215,9434,9904,14303,48295,7802,13112,20,20,7852,20,9939,24800,7802,9435,13249,7833,9435,7864,20,8990,24800,7802,7833,9443,8814,7802,7823,8741,48295,13961,7849,13283,8814,13843,13283,8746,13961,1514,9443,7802,7824,20,1187,8746,8741,36136,19,9443,19534,7864,8742
7254,13843,48333,7802,7864,7864,8744,8746,33431,24800,9435,48294,13078,7659,13078,1501,13112,48336,517,9462,121,9442,9443,19,7846,7856,13215,9434,9904,14303,48295,7802,13112,20,20,7852,20,9939,24800,7802,9435,13249,7833,9435,7864,20,8990,24800,7802,7833,9443,8814,7802,7823,8741,48295,13961,7849,13283,8814,13843,13283,8746,13961,1514,9443,7802,7824,20,1187,8746,8741,36136,19,9443,19534,7864,33430
7254,13843,48333,7802,7864,7864,8744,8746,7849,24800,9435,48294,13078,7659,13078,33431,13112,48336,517,9462,1501,9442,9443,19,7846,7856,13215,9434,9904,14303,48295,7802,13112,20,20,7852,20,9939,24800,7802,9435,13249,7833,9435,7864,20,8990,24800,7802,7833,9443,8814,7802,7823,8741,48295,13961,7848,13283,8814,13843,13283,8746,13961,1514,9443,7802,7824,20,1187,8746,8741,36136,19,9443,19534,7864,7847
7254,13843,48333,7802,7864,7864,8744,8746,7852,24800,9435,48294,13078,7659,13078,33431,13112,48336,517,9462,1501,9442,9443,19,7846,7856,13215,9434,9904,14303,48295,7802,13112,20,20,7851,20,9939,24800,7802,9435,13249,7833,9435,7864,20,8990,24800,7802,7833,9443,8814,7802,7823,8741,48295,13961,7849,13283,8814,13843,13283,8746,13961,1514,9443,7802,7824,20,1187,8746,8741,36136,19,9443,19534,7864,7850
7254,13843,48333,7802,7864,7864,8744,8746,9904,24800,9435,48294,13078,7659,13078,33431,13112,48336,517,9462,1501,9442,9443,19,7846,7856,13215,9434,9886,14303,48295,7802,13112,20,20,7852,20,9939,24800,7802,9435,13249,7833,9435,7864,20,8990,24800,7802,7833,9443,8814,7802,7823,8741,48295,13961,7849,13283,8814,13843,13283,8746,13961,1514,9443,7802,7824,20,1187,8746,8741,36136,19,9443,19534,7864,9903
7254,13843,48333,7802,7864,7864,8744,8746,20,24800,9435,48294,13078,7659,13078,33431,13112,48336,517,9462,1501,9442,9443,19,7846,7856,13215,9434,9904,14303,48295,7802,13112,20,20,7852,20,9939,24800,7802,9435,13249,7833,9435,7864,19,8990,24800,7802,7833,9443,8814,7802,7823,8741,48295,13961,7849,13283,8814,13843,13283,8746,13961,1514,9443,7802,7824,20,1187,8746,8741,36136,19,9443,19534,7864,47577
7254,13843,48333,7802,7864,7864,8744,8746,48295,24800,9435,48294,13078,7659,13078,33431,13112,48336,517,9462,1501,9442,9443,19,7846,7856,13215,9434,9904,14303,48295,7802,13112,20,20,7852,20,9939,24800,7802,9435,13249,7833,9435,7864,20,8990,24800,7802,7833,9443,8814,7802,7823,8741,48298,13961,7849,13283,8814,13843,13283,8746,13961,1514,9443,7802,7824,20,1187,8746,8741,36136,19,9443,19534,7864,48297
7254,13843,48333,7802,13124,1501,8744,8746,7864,24800,9435,48294,13078,7659,13078,33431,13112,48336,517,9462,511,9442,9443,19,7846,7856,13215,9434,9904,14303,48295,7802,13112,20,20,7852,20,9939,24800,7802,9435,13249,7833,9435,7864,20,8990,24800,7802,7833,9443,8814,7802,7823,8741,48295,13961,7849,13283,8814,13843,13283,8746,13961,1514,9443,7802,7824,20,1187,8746,8741,36136,19,9443,19534,1501,47558
7254,13843,48332,7802,7864,7864,8744,8746,48333,24800,9435,48294,13078,7659,13078,33431,13112,48336,517,9462,1501,9442,9443,19,7846,7856,13215,9434,9904,14303,48295,7802,13112,20,20,7852,20,9939,24800,7802,9435,13249,7833,9435,7864,20,8990,24800,7802,7833,9443,8814,7802,7823,8741,48295,13961,7849,13283,8814,13843,13283,8746,13961,1514,9443,7802,7824,20,1187,8746,8741,36136,19,9443,19534,7864,48331
7254,13843,48333,7802,7864,7864,8744,8746,9435,24800,9435,48294,13078,7659,13078,33431,13112,48336,517,9462,1501,9442,9443,19,7846,7856,13215,29,9904,14303,48295,7802,13112,20,20,7852,20,9939,24800,7802,9436,13249,7833,9434,7864,20,8990,24800,7802,7833,9443,8814,7802,7823,8741,48295,13961,7849,13283,8814,13843,13283,8746,13961,1514,9443,7802,7824,20,1187,8746,8741,36136,19,9443,19534,7864,9433
7254,13843,48333,7802,7864,7864,8744,8746,9435,24800,9440,48294,13078,7659,13078,33431,13112,48336,517,9462,1501,9442,9443,19,7846,7856,13215,29,9904,14303,48295,7802,13112,20,20,7852,20,9939,24800,7802,9436,13249,7833,9434,7864,20,8990,24800,7802,7833,9443,8814,7802,7823,8741,48295,13961,7849,13283,8814,13843,13283,8746,13961,1514,9443,7802,7824,20,1187,8746,8741,36136,19,9443,19534,7864,9439
7254,13843,48333,7802,7864,7864,8744,8746,7856,24800,9435,48294,13078,7659,13078,33431,13112,48336,517,9462,1501,9442,9443,19,7846,7855,13215,9434,9904,14303,48295,7802,13112,20,20,7852,20,9939,24800,7802,9435,13249,7833,9435,7864,20,8990,24800,7802,7833,9443,8814,7802,7823,8741,48295,13961,7849,13283,8814,13843,13283,8746,13961,1514,9443,7802,7824,20,1187,8746,8741,36136,19,9443,19534,7864,7854
7254,13843,48333,7802,7864,7864,8744,8746,36136,24800,9435,48294,13078,7659,13078,33431,13112,48336,517,9462,1501,9442,9443,19,7846,7856,13215,9434,9904,14303,48295,7802,13112,20,20,7852,20,9939,24800,7802,9435,13249,7833,9435,7864,20,8990,24800,7802,7833,9443,8814,7802,7823,8741,48295,13961,7849,13283,8814,13843,13283,8746,13961,1514,9443,7802,7824,20,1187,8746,8741,36135,19,9443,19534,7864,36137
7254,13843,48333,7802,7864,7864,8744,8746,13215,24800,9435,48294,13078,7659,13078,33431,13112,48336,517,9462,1501,9442,9443,19,7846,7856,13214,9434,9904,14303,48295,7802,13112,20,20,7852,20,9939,24800,7802,9435,13249,7833,9435,7864,20,8990,24800,7802,7833,9443,8814,7802,7823,8741,48295,13961,7849,13283,8814,13843,13283,8746,13961,1514,9443,7802,7824,20,1187,8746,8741,36136,19,9443,19534,7864,13216
7254,13843,48333,7802,7864,7864,8744,8746,13283,24800,9435,48294,13078,7659,13078,33431,13112,48336,517,9462,1501,9442,9443,19,7846,7856,13215,9434,9904,14303,48295,7802,13112,20,20,7852,20,9939,24800,7802,9435,13249,7833,9435,7864,20,8990,24800,7802,7833,9443,8814,7802,7823,8741,48295,13961,7849,13049,8814,13843,11935,8746,13961,1514,9443,7802,7824,20,1187,8746,8741,36136,19,9443,19534,7864,13282
7254,13843,48333,7802,7864,7864,8744,8746,9443,24800,9435,48294,13078,7659,13078,33431,13112,48336,517,9462,1501,29,9436,19,7846,7856,13215,9434,9904,14303,48295,7802,13112,20,20,7852,20,9939,24800,7802,9435,13249,7833,9435,7864,20,8990,24800,7802,7833,9443,8814,7802,7823,8741,48295,13961,7849,13283,8814,13843,13283,8746,13961,1514,9442,7802,7824,20,1187,8746,8741,36136,19,9443,19534,7864,9441
7254,13843,48333,7802,7864,7864,8744,8746,8741,24800,9435,48294,13078,7659,13078,33431,13112,48336,517,9462,1501,9442,9443,19,7846,7856,13215,9434,9904,14303,48295,7802,13112,20,20,7852,20,9939,24800,7802,9435,13249,7833,9435,7864,20,8990,24800,7802,7833,9443,8814,7802,7823,509,48295,13961,7849,13283,8814,13843,13283,8746,13961,1514,9443,7802,7824,20,1187,8746,8740,36136,19,9443,19534,7864,8739
7254,13843,48333,7802,7864,7864,8744,8746,20,24800,9435,48294,13078,7659,13078,33431,13112,48336,517,9462,1501,9442,9443,19,7846,7856,13215,9434,9904,14303,48295,7802,13112,20,20,7852,20,9939,24800,7802,9435,13249,7833,9435,7864,19,8990,24800,7802,7833,9443,8814,7802,7823,8741,48295,13961,7849,13283,8814,13843,13283,8746,13961,1514,9443,7802,7824,20,1187,8746,8741,36136,19,9443,19534,7864,13211
7254,13843,48333,7802,7864,7864,8744,8746,20,24800,9435,48294,13078,7659,13078,33431,13112,48336,517,9462,1501,9442,9443,19104,7846,7856,13215,9434,9904,14303,48295,7802,13112,20,20,7852,20,9939,24800,7802,9435,13249,7833,9435,7864,19,8990,24800,7802,7833,9443,8814,7802,7823,8741,48295,13961,7849,13283,8814,13843,13283,8746,13961,1514,9443,7802,7824,20,1187,8746,8741,36136,19,9443,19534,7864,23276
7254,13843,48333,7802,7864,7864,8744,8746,20,24800,9435,48294,13078,7659,13078,33431,13112,48336,517,9462,1501,9442,9443,48316,7846,7856,13215,9434,9904,14303,48295,7802,13112,20,20,7852,20,9939,24800,7802,9435,13249,7833,9435,7864,19,48316,24800,7802,7833,9443,8814,7802,7823,8741,48295,13961,7849,13283,8814,13843,13283,8746,13961,1514,9443,7802,7824,8990,1187,8746,8741,36136,19,9443,19534,7864,20795
7254,13843,48333,7802,7864,7864,8744,8746,20,24800,9435,48294,13078,7659,13078,33431,13112,48336,517,9462,1501,9442,9443,20545,7846,7856,13215,9434,9904,14303,48295,7802,13112,20,20,7852,48313,9939,24800,7802,9435,13249,7833,9435,7864,19,20545,24800,7802,7833,9443,8814,7802,7823,8741,48295,13961,7849,13283,8814,13843,13283,8746,13961,1514,9443,7802,7824,8990,1187,8746,8741,36136,19,9443,19534,7864,20793
7254,13843,48333,7802,7864,7864,8744,8746,20,24800,9435,48294,13078,7659,13078,33431,13112,48336,517,9462,1501,9442,9443,19,7846,7856,13215,9434,9904,14303,48295,7802,13112,20,20,7852,20,9939,24800,7802,9435,13249,7833,9435,7864,19,8990,24800,7802,7833,9443,8814,7802,7823,8741,48295,13961,7849,13283,8814,13843,13283,8746,13961,1514,9443,7802,7824,20,1187,8746,8741,36136,19,9443,19534,7864,48133
7254,13843,48333,7802,7864,7864,8744,8746,20,24800,9435,48294,13078,7659,13078,33431,13112,48336,517,9462,1501,9442,9443,19,7846,7856,13215,9434,9904,14303,48295,7802,13112,20,20,7852,20,9939,24800,7802,9435,13249,7833,9435,7864,19,8990,24800,7802,7833,9443,8814,7802,7823,8741,48295,13961,7849,13283,8814,13843,13283,8746,13961,1514,9443,7802,7824,20,1187,8746,8741,36136,19,9443,19534,7864,48130
7254,13843,48333,7802,7864,7864,8744,8746,20,24800,9435,48294,13078,7659,13078,33431,13112,48336,517,9462,1501,9442,9443,19,7846,7856,13215,9434,9904,14303,48295,7802,13112,20,20,7852,20,9939,24800,7802,9435,13249,7833,9435,7864,19,8990,24800,7802,7833,9443,8814,7802,7823,8741,48295,13961,7849,13283,8814,13843,13283,8746,13961,1514,9443,7802,7824,20,1187,8746,8741,36136,19,9443,19534,7864,48121
7254,13843,48333,7802,7864,7864,8744,8746,20,24800,9435,48294,13078,986,13078,33431,13112,48336,517,9462,1501,9442,9443,986,7846,7856,13215,9434,9904,14303,48295,7802,13112,20,20,7852,20,9939,24800,7802,9435,13249,7833,9435,7864,19,8990,24800,7802,7833,9443,8814,7802,7823,8741,48295,13961,7849,13283,8814,13843,13283,8746,13961,1514,9443,7802,7824,7659,1187,8746,8741,36136,19,9443,19534,7864,45687
7254,13843,48333,7802,7864,7864,8744,8746,20,24800,9435,48294,13078,7659,13078,33431,13112,48336,517,9462,1501,9442,9443,19,7846,7856,13215,9434,9904,14303,48295,7802,13112,20,20,7852,20,9939,24800,7802,9435,13249,7833,9435,7864,19,8990,24800,7802,7833,9443,8814,7802,7823,8741,48295,13961,7849,13283,8814,13843,13283,8746,13961,1514,9443,7802,7824,20,1187,8746,8741,36136,19,9443,19534,7864,44636
7254,13843,48333,7802,7864,7864,8744,8746,20,24800,9435,48294,13078,7659,13078,33431,13112,48336,517,9462,1501,9442,9443,19,7846,7856,13215,9434,9904,14303,48295,7802,13112,20,20,7852,20,9939,24800,7802,9435,13249,7833,9435,7864,19,8990,24800,7802,7833,9443,8814,7802,7823,8741,48295,13961,7849,13283,8814,13843,13283,8746,13961,1514,9443,7802,7824,20,1187,8746,8741,36136,19,9443,19534,7864,44624
7254,13843,48333,7802,7864,7864,8744,8746,20,24800,9435,48294,13078,7659,13078,33431,13112,48336,517,9462,1501,9442,9443,42700,7846,7856,13215,9434,9904,14303,48295,7802,13112,42697,20,7852,20,9939,24800,7802,9435,13249,7833,9435,7864,19,8990,24800,7802,7833,9443,8814,7802,7823,8741,48295,13961,7849,13283,8814,13843,13283,8746,13961,1514,9443,7802,7824,20,1187,8746,8741,36136,986,9443,19534,7864,42699
7254,13843,48333,7802,7864,7864,8744,8746,20,24800,9435,48294,13078,7659,13078,33431,13112,48336,517,9462,1501,9442,9443,19,7846,7856,13215,9434,9904,14303,48295,7802,13112,20,20,7852,20,9939,24800,7802,9435,13249,7833,9435,7864,19,8990,24800,7802,7833,9443,8814,7802,7823,8741,48295,13961,7849,13283,8814,13843,13283,8746,13961,1514,9443,7802,7824,20,1187,8746,8741,36136,19,9443,19534,7864,32510
7254,13843,48333,7802,7864,7864,8744,8746,20,24800,9435,48294,13078,7659,13078,33431,13112,48336,517,9462,1501,9442,9443,16774,7846,7856,13215,9434,9904,14303,48295,7802,13112,20,20,7852,20,9939,24800,7802,9435,13249,7833,9435,7864,19,8990,24800,7802,7833,9443,8814,7802,7823,8741,48295,13961,7849,13283,8814,13843,13283,8746,13961,1514,9443,7802,7824,22567,1187,8746,8741,36136,19,9443,19534,7864,23689
7254,13843,48333,7802,7864,7864,8744,8746,20,24800,9435,48294,13078,7659,13078,33431,13112,48336,517,9462,1501,9442,9443,19,7846,7856,13215,9434,9904,14303,48295,7802,13112,20,20,7852,20,9939,24800,7802,9435,13249,7833,9435,7864,19,8990,24800,7802,7833,9443,8814,7802,7823,8741,48295,13961,7849,13283,8814,13843,13283,8746,13961,1514,9443,7802,7824,20,1187,8746,8741,36136,19,9443,19534,7864,23431
7254,13843,48333,7802,7864,7864,8744,8746,20,24800,9435,48294,13078,7659,13078,33431,13112,48336,517,9462,1501,9442,9443,19,7846,7856,13215,9434,9904,14303,48295,7802,13112,20,20,7852,20,9939,24800,7802,9435,13249,7833,9435,7864,19,8990,24800,7802,7833,9443,8814,7802,7823,8741,48295,13961,7849,13283,8814,13843,13283,8746,13961,1514,9443,7802,7824,20,1187,8746,8741,36136,19,9443,19534,7864,23430
7254,13843,48333,7802,7864,7864,8744,8746,20,24800,9435,48294,13078,7659,13078,33431,13112,48336,517,9462,1501,9442,9443,19,7846,7856,13215,9434,9904,14303,48295,7802,13112,20,20,7852,20,9939,24800,7802,9435,13249,7833,9435,7864,19,8990,24800,7802,7833,9443,8814,7802,7823,8741,48295,13961,7849,13283,8814,13843,13283,8746,13961,1514,9443,7802,7824,20,1187,8746,8741,36136,19,9443,19534,7864,23429
7254,13843,48333,7802,7864,7864,8744,8746,20,24800,9435,48294,13078,7659,13078,33431,13112,48336,517,9462,1501,9442,9443,19,7846,7856,13215,9434,9904,14303,48295,7802,13112,20,20,7852,20,9939,24800,7802,9435,13249,7833,9435,7864,19,8990,24800,7802,7833,9443,8814,7802,7823,8741,48295,13961,7849,13283,8814,13843,13283,8746,13961,1514,9443,7802,7824,20,1187,8746,8741,36136,19,9443,19534,7864,23424
7254,13843,48333,7802,7864,7864,8744,8746,20,24800,9435,48294,13078,7659,13078,33431,13112,48336,517,9462,1501,9442,9443,19104,7846,7856,13215,9434,9904,14303,48295,7802,13112,20,20,7852,20,9939,24800,7802,9435,13249,7833,9435,7864,19,8990,24800,7802,7833,9443,8814,7802,7823,8741,48295,13961,7849,13283,8814,13843,13283,8746,13961,1514,9443,7802,7824,20,1187,8746,8741,36136,19,9443,19534,7864,23423
7254,13843,48333,7802,7864,7864,8744,8746,20,24800,9435,48294,13078,7659,13078,33431,13112,48336,517,9462,1501,9442,9443,19104,7846,7856,13215,9434,9904,14303,48295,7802,13112,20,20,7852,20,9939,24800,7802,9435,13249,7833,9435,7864,19,8990,24800,7802,7833,9443,8814,7802,7823,8741,48295,13961,7849,13283,8814,13843,13283,8746,13961,1514,9443,7802,7824,20,1187,8746,8741,36136,19,9443,19534,7864,23422
7254,13843,48333,7802,7864,7864,8744,8746,20,24800,9435,48294,13078,7659,13078,33431,13112,48336,517,9462,1501,9442,9443,19,7846,7856,13215,9434,9904,14303,48295,7802,13112,20,20,7852,20,9939,24800,7802,9435,13249,7833,9435,7864,19,8990,24800,7802,7833,9443,8814,7802,7823,8741,48295,13961,7849,13283,8814,13843,13283,8746,13961,1514,9443,7802,7824,20,1187,8746,8741,36136,19,9443,19534,7864,23412
7254,13843,48333,7802,7864,7864,8744,8746,20,24800,9435,48294,13078,7659,13078,33431,13112,48336,517,9462,1501,9442,9443,19,7846,7856,13215,9434,9904,14303,48295,7802,13112,20,20,7852,20,9939,24800,7802,9435,13249,7833,9435,7864,19,8990,24800,7802,7833,9443,8814,7802,7823,8741,48295,13961,7849,13283,8814,13843,13283,8746,13961,1514,9443,7802,7824,20,1187,8746,8741,36136,19,9443,19534,7864,23411
7254,13843,48333,7802,7864,7864,8744,8746,20,24800,9435,48294,13078,7659,13078,33431,13112,48336,517,9462,1501,9442,9443,19104,7846,7856,13215,9434,9904,14303,48295,7802,13112,20,20,7852,20,9939,24800,7802,9435,13249,7833,9435,7864,19,8990,24800,7802,7833,9443,8814,7802,7823,8741,48295,13961,7849,13283,8814,13843,13283,8746,13961,1514,9443,7802,7824,20,1187,8746,8741,36136,19,9443,19534,7864,23410
7254,13843,48333,7802,7864,7864,8744,8746,20,24800,9435,48294,13078,7659,13078,33431,13112,48336,517,9462,1501,9442,9443,23264,7846,7856,13215,9434,9904,14303,48295,7802,13112,20,20,7852,20,9939,24800,7802,9435,13249,7833,9435,7864,19,8990,24800,7802,7833,9443,8814,7802,7823,8741,48295,13961,7849,13283,8814,13843,13283,8746,13961,1514,9443,7802,7824,20,1187,8746,8741,36136,19,9443,19534,7864,23409
7254,13843,48333,7802,7864,7864,8744,8746,20,24800,9435,48294,13078,7659,13078,33431,13112,48336,517,9462,1501,9442,9443,19,7846,7856,13215,9434,9904,14303,48295,7802,13112,20,20,7852,20,9939,24800,7802,9435,13249,7833,9435,7864,19,8990,24800,7802,7833,9443,8814,7802,7823,8741,48295,13961,7849,13283,8814,13843,13283,8746,13961,1514,9443,7802,7824,20,1187,8746,8741,36136,19,9443,19534,7864,23401
7254,13843,48333,7802,7864,7864,8744,8746,20,24800,9435,48294,13078,7659,13078,33431,13112,48336,517,9462,1501,9442,9443,19,7846,7856,13215,9434,9904,14303,48295,7802,13112,20,20,7852,20,9939,24800,7802,9435,13249,7833,9435,7864,19,8990,24800,7802,7833,9443,8814,7802,7823,8741,48295,13961,7849,13283,8814,13843,13283,8746,13961,1514,9443,7802,7824,20,1187,8746,8741,36136,19,9443,19534,7864,23398
7254,13843,48333,7802,7864,7864,8744,8746,20,24800,9435,48294,13078,7659,13078,33431,13112,48336,517,9462,1501,9442,9443,19104,7846,7856,13215,9434,9904,14303,48295,7802,13112,20,20,7852,20,9939,24800,7802,9435,13249,7833,9435,7864,19,8990,24800,7802,7833,9443,8814,7802,7823,8741,48295,13961,7849,13283,8814,13843,13283,8746,13961,1514,9443,7802,7824,20,1187,8746,8741,36136,19,9443,19534,7864,23397
7254,13843,48333,7802,7864,7864,8744,8746,20,24800,9435,48294,13078,7659,13078,33431,13112,48336,517,9462,1501,9442,9443,19,7846,7856,13215,9434,9904,14303,48295,7802,13112,20,20,7852,20,9939,24800,7802,9435,13249,7833,9435,7864,19,8990,24800,7802,7833,9443,8814,7802,7823,8741,48295,13961,7849,13283,8814,13843,13283,8746,13961,1514,9443,7802,7824,69,1187,8746,8741,36136,19,9443,19534,7864,23396
7254,13843,48333,7802,7864,7864,8744,8746,20,24800,9435,48294,13078,7659,13078,33431,13112,48336,517,9462,1501,9442,9443,19,7846,7856,13215,9434,9904,14303,48295,7802,13112,20,20,7852,20,9939,24800,7802,9435,13249,7833,9435,7864,19,8990,24800,7802,7833,9443,8814,7802,7823,8741,48295,13961,7849,13283,8814,13843,13283,8746,13961,1514,9443,7802,7824,20,1187,8746,8741,36136,19,9443,19534,7864,23379
7254,13843,48333,7802,7864,7864,8744,8746,20,24800,9435,48294,13078,7659,13078,33431,13112,48336,517,9462,1501,9442,9443,19,7846,7856,13215,9434,9904,14303,48295,7802,13112,20,20,7852,20,9939,24800,7802,9435,13249,7833,9435,7864,19,8990,24800,7802,7833,9443,8814,7802,7823,8741,48295,13961,7849,13283,8814,13843,13283,8746,13961,1514,9443,7802,7824,20,1187,8746,8741,36136,19,9443,19534,7864,23378
7254,13843,48333,7802,7864,7864,8744,8746,20,24800,9435,48294,13078,7659,13078,33431,13112,48336,517,9462,1501,9442,9443,19,7846,7856,13215,9434,9904,14303,48295,7802,13112,20,20,7852,20,9939,24800,7802,9435,13249,7833,9435,7864,19,8990,24800,7802,7833,9443,8814,7802,7823,8741,48295,13961,7849,13283,8814,13843,13283,8746,13961,1514,9443,7802,7824,20,1187,8746,8741,36136,19,9443,19534,7864,23373
7254,13843,48333,7802,7864,7864,8744,8746,20,24800,9435,48294,13078,7659,13078,33431,13112,48336,517,9462,1501,9442,9443,19104,7846,7856,13215,9434,9904,14303,48295,7802,13112,20,20,7852,20,9939,24800,7802,9435,13249,7833,9435,7864,19,8990,24800,7802,7833,9443,8814,7802,7823,8741,48295,13961,7849,13283,8814,13843,13283,8746,13961,1514,9443,7802,7824,20,1187,8746,8741,36136,19,9443,19534,7864,23372
7254,13843,48333,7802,7864,7864,8744,8746,20,24800,9435,48294,13078,7659,13078,33431,13112,48336,517,9462,1501,9442,9443,23271,7846,7856,13215,9434,9904,14303,48295,7802,13112,20,20,7852,20,9939,24800,7802,9435,13249,7833,9435,7864,19,8990,24800,7802,7833,9443,8814,7802,7823,8741,48295,13961,7849,13283,8814,13843,13283,8746,13961,1514,9443,7802,7824,20,1187,8746,8741,36136,19,9443,19534,7864,23367
7254,13843,48333,7802,7864,7864,8744,8746,20,24800,9435,48294,13078,7659,13078,33431,13112,48336,517,9462,1501,9442,9443,19,7846,7856,13215,9434,9904,14303,48295,7802,13112,20,20,7852,20,9939,24800,7802,9435,13249,7833,9435,7864,19,8990,24800,7802,7833,9443,8814,7802,7823,8741,48295,13961,7849,13283,8814,13843,13283,8746,13961,1514,9443,7802,7824,20,1187,8746,8741,36136,19,9443,19534,7864,23364
7254,13843,48333,7802,7864,7864,8744,8746,20,24800,9435,48294,13078,7659,13078,33431,13112,48336,517,9462,1501,9442,9443,19,7846,7856,13215,9434,9904,14303,48295,7802,13112,20,20,7852,20,9939,24800,7802,9435,13249,7833,9435,7864,19,8990,24800,7802,7833,9443,8814,7802,7823,8741,48295,13961,7849,13283,8814,13843,13283,8746,13961,1514,9443,7802,7824,20,1187,8746,8741,36136,19,9443,19534,7864,23363
7254,13843,48333,7802,7864,7864,8744,8746,20,24800,9435,48294,13078,7659,13078,33431,13112,48336,517,9462,1501,9442,9443,23264,7846,7856,13215,9434,9904,14303,48295,7802,13112,20,20,7852,20,9939,24800,7802,9435,13249,7833,9435,7864,19,8990,24800,7802,7833,9443,8814,7802,7823,8741,48295,13961,7849,13283,8814,13843,13283,8746,13961,1514,9443,7802,7824,20,1187,8746,8741,36136,19,9443,19534,7864,23361
7254,13843,48333,7802,7864,7864,8744,8746,20,24800,9435,48294,13078,7659,13078,33431,13112,48336,517,9462,1501,9442,9443,19,7846,7856,13215,9434,9904,14303,48295,7802,13112,20,20,7852,20,9939,24800,7802,9435,13249,7833,9435,7864,19,8990,24800,7802,7833,9443,8814,7802,7823,8741,48295,13961,7849,13283,8814,13843,13283,8746,13961,1514,9443,7802,7824,20,1187,8746,8741,36136,19,9443,19534,7864,23358
7254,13843,48333,7802,7864,7864,8744,8746,20,24800,9435,48294,13078,7659,13078,33431,13112,48336,517,9462,1501,9442,9443,19,7846,7856,13215,9434,9904,14303,48295,7802,13112,20,20,7852,20,9939,24800,7802,9435,13249,7833,9435,7864,19,8990,24800,7802,7833,9443,8814,7802,7823,8741,48295,13961,7849,13283,8814,13843,13283,8746,13961,1514,9443,7802,7824,20,1187,8746,8741,36136,19,9443,19534,7864,23355
7254,13843,48333,7802,7864,7864,8744,8746,20,24800,9435,48294,13078,7659,13078,33431,13112,48336,517,9462,1501,9442,9443,19,7846,7856,13215,9434,9904,14303,48295,7802,13112,20,20,7852,20,9939,24800,7802,9435,13249,7833,9435,7864,19,8990,24800,7802,7833,9443,8814,7802,7823,8741,48295,13961,7849,13283,8814,13843,13283,8746,13961,1514,9443,7802,7824,20,1187,8746,8741,36136,19,9443,19534,7864,23353
7254,13843,48333,7802,7864,7864,8744,8746,20,24800,9435,48294,13078,7659,13078,33431,13112,48336,517,9462,1501,9442,9443,19,7846,7856,13215,9434,9904,14303,48295,7802,13112,20,20,7852,20,9939,24800,7802,9435,13249,7833,9435,7864,19,8990,24800,7802,7833,9443,8814,7802,7823,8741,48295,13961,7849,13283,8814,13843,13283,8746,13961,1514,9443,7802,7824,20,1187,8746,8741,36136,19,9443,19534,7864,23348
7254,13843,48333,7802,7864,7864,8744,8746,20,24800,9435,48294,13078,7659,13078,33431,13112,48336,517,9462,1501,9442,9443,19,7846,7856,13215,9434,9904,14303,48295,7802,13112,20,20,7852,20,9939,24800,7802,9435,13249,7833,9435,7864,19,8990,24800,7802,7833,9443,8814,7802,7823,8741,48295,13961,7849,13283,8814,13843,13283,8746,13961,1514,9443,7802,7824,20,1187,8746,8741,36136,19,9443,19534,7864,23335
7254,13843,48333,7802,7864,7864,8744,8746,20,24800,9435,48294,13078,7659,13078,33431,13112,48336,517,9462,1501,9442,9443,19,7846,7856,13215,9434,9904,14303,48295,7802,13112,20,20,7852,20,9939,24800,7802,9435,13249,7833,9435,7864,19,8990,24800,7802,7833,9443,8814,7802,7823,8741,48295,13961,7849,13283,8814,13843,13283,8746,13961,1514,9443,7802,7824,20,1187,8746,8741,36136,19,9443,19534,7864,23334
7254,13843,48333,7802,7864,7864,8744,8746,20,24800,9435,48294,13078,7659,13078,33431,13112,48336,517,9462,1501,9442,9443,19,7846,7856,13215,9434,9904,14303,48295,7802,13112,20,20,7852,20,9939,24800,7802,9435,13249,7833,9435,7864,19,8990,24800,7802,7833,9443,8814,7802,7823,8741,48295,13961,7849,13283,8814,13843,13283,8746,13961,1514,9443,7802,7824,20,1187,8746,8741,36136,19,9443,19534,7864,23328
7254,13843,48333,7802,7864,7864,8744,8746,20,24800,9435,48294,13078,7659,13078,33431,13112,48336,517,9462,1501,9442,9443,19104,7846,7856,13215,9434,9904,14303,48295,7802,13112,20,20,7852,20,9939,24800,7802,9435,13249,7833,9435,7864,19,8990,24800,7802,7833,9443,8814,7802,7823,8741,48295,13961,7849,13283,8814,13843,13283,8746,13961,1514,9443,7802,7824,20,1187,8746,8741,36136,19,9443,19534,7864,23327
7254,13843,48333,7802,7864,7864,8744,8746,20,24800,9435,48294,13078,7659,13078,33431,13112,48336,517,9462,1501,9442,9443,23271,7846,7856,13215,9434,9904,14303,48295,7802,13112,20,20,7852,20,9939,24800,7802,9435,13249,7833,9435,7864,19,8990,24800,7802,7833,9443,8814,7802,7823,8741,48295,13961,7849,13283,8814,13843,13283,8746,13961,1514,9443,7802,7824,20,1187,8746,8741,36136,19,9443,19534,7864,23322
7254,13843,48333,7802,7864,7864,8744,8746,20,24800,9435,48294,13078,7659,13078,33431,13112,48336,517,9462,1501,9442,9443,19,7846,7856,13215,9434,9904,14303,48295,7802,13112,20,20,7852,20,9939,24800,7802,9435,13249,7833,9435,7864,19,8990,24800,7802,7833,9443,8814,7802,7823,8741,48295,13961,7849,13283,8814,13843,13283,8746,13961,1514,9443,7802,7824,20,1187,8746,8741,36136,19,9443,19534,7864,23319
7254,13843,48333,7802,7864,7864,8744,8746,20,24800,9435,48294,13078,7659,13078,33431,13112,48336,517,9462,1501,9442,9443,19,7846,7856,13215,9434,9904,14303,48295,7802,13112,20,20,7852,20,9939,24800,7802,9435,13249,7833,9435,7864,19,8990,24800,7802,7833,9443,8814,7802,7823,8741,48295,13961,7849,13283,8814,13843,13283,8746,13961,1514,9443,7802,7824,20,1187,8746,8741,36136,19,9443,19534,7864,23318
7254,13843,48333,7802,7864,7864,8744,8746,20,24800,9435,48294,13078,7659,13078,33431,13112,48336,517,9462,1501,9442,9443,23264,7846,7856,13215,9434,9904,14303,48295,7802,13112,20,20,7852,20,9939,24800,7802,9435,13249,7833,9435,7864,19,8990,24800,7802,7833,9443,8814,7802,7823,8741,48295,13961,7849,13283,8814,13843,13283,8746,13961,1514,9443,7802,7824,20,1187,8746,8741,36136,19,9443,19534,7864,23316
7254,13843,48333,7802,7864,7864,8744,8746,20,24800,9435,48294,13078,7659,13078,33431,13112,48336,517,9462,1501,9442,9443,19,7846,7856,13215,9434,9904,14303,48295,7802,13112,20,20,7852,20,9939,24800,7802,9435,13249,7833,9435,7864,19,8990,24800,7802,7833,9443,8814,7802,7823,8741,48295,13961,7849,13283,8814,13843,13283,8746,13961,1514,9443,7802,7824,20,1187,8746,8741,36136,19,9443,19534,7864,23313
7254,13843,48333,7802,7864,7864,8744,8746,20,24800,9435,48294,13078,7659,13078,33431,13112,48336,517,9462,1501,9442,9443,19,7846,7856,13215,9434,9904,14303,48295,7802,13112,20,20,7852,20,9939,24800,7802,9435,13249,7833,9435,7864,19,8990,24800,7802,7833,9443,8814,7802,7823,8741,48295,13961,7849,13283,8814,13843,13283,8746,13961,1514,9443,7802,7824,20,1187,8746,8741,36136,19,9443,19534,7864,23310
7254,13843,48333,7802,7864,7864,8744,8746,20,24800,9435,48294,13078,7659,13078,33431,13112,48336,517,9462,1501,9442,9443,19,7846,7856,13215,9434,9904,14303,48295,7802,13112,20,20,7852,20,9939,24800,7802,9435,13249,7833,9435,7864,19,8990,24800,7802,7833,9443,8814,7802,7823,8741,48295,13961,7849,13283,8814,13843,13283,8746,13961,1514,9443,7802,7824,20,1187,8746,8741,36136,19,9443,19534,7864,23308
7254,13843,48333,7802,7864,7864,8744,8746,20,24800,9435,48294,13078,7659,13078,33431,13112,48336,517,9462,1501,9442,9443,19,7846,7856,13215,9434,9904,14303,48295,7802,13112,20,20,7852,20,9939,24800,7802,9435,13249,7833,9435,7864,19,8990,24800,7802,7833,9443,8814,7802,7823,8741,48295,13961,7849,13283,8814,13843,13283,8746,13961,1514,9443,7802,7824,20,1187,8746,8741,36136,19,9443,19534,7864,23303
7254,13843,48333,7802,7864,7864,8744,8746,20,24800,9435,48294,13078,7659,13078,33431,13112,48336,517,9462,1501,9442,9443,19,7846,7856,13215,9434,9904,14303,48295,7802,13112,20,20,7852,20,9939,24800,7802,9435,13249,7833,9435,7864,19,8990,24800,7802,7833,9443,8814,7802,7823,8741,48295,13961,7849,13283,8814,13843,13283,8746,13961,1514,9443,7802,7824,20,1187,8746,8741,36136,19,9443,19534,7864,23285
7254,13843,48333,7802,7864,7864,8744,8746,20,24800,9435,48294,13078,7659,13078,33431,13112,48336,517,9462,1501,9442,9443,19,7846,7856,13215,9434,9904,14303,48295,7802,13112,20,20,7852,20,9939,24800,7802,9435,13249,7833,9435,7864,19,8990,24800,7802,7833,9443,8814,7802,7823,8741,48295,13961,7849,13283,8814,13843,13283,8746,13961,1514,9443,7802,7824,20,1187,8746,8741,36136,19,9443,19534,7864,23284
7254,13843,48333,7802,7864,7864,8744,8746,20,24800,9435,48294,13078,7659,13078,33431,13112,48336,517,9462,1501,9442,9443,19,7846,7856,13215,9434,9904,14303,48295,7802,13112,20,20,7852,20,9939,24800,7802,9435,13249,7833,9435,7864,19,8990,24800,7802,7833,9443,8814,7802,7823,8741,48295,13961,7849,13283,8814,13843,13283,8746,13961,1514,9443,7802,7824,20,1187,8746,8741,36136,19,9443,19534,7864,23277
7254,13843,48333,7802,7864,7864,8744,8746,20,24800,9435,48294,13078,7659,13078,33431,13112,48336,517,9462,1501,9442,9443,19,7846,7856,13215,9434,9904,14303,48295,7802,13112,20,20,7852,20,9939,24800,7802,9435,13249,7833,9435,7864,19,8990,24800,7802,7833,9443,8814,7802,7823,8741,48295,13961,7849,13283,8814,13843,13283,8746,13961,1514,9443,7802,7824,20,1187,8746,8741,36136,19,9443,19534,7864,18
7254,13843,48333,7802,7864,7864,8744,8746,20,24800,9435,48294,13078,7659,13078,33431,13112,48336,517,9462,1501,9442,9443,19,7846,7856,13215,9434,9904,14303,48295,7802,13112,20,20,7852,20,9939,24800,7802,9435,13249,7833,9435,7864,19,8990,24800,7802,7833,9443,8814,7802,7823,8741,48295,13961,7849,13283,8814,13843,13283,8746,13961,1514,9443,7802,7824,11380,1187,8746,8741,36136,986,9443,19534,7864,11854
7254,13843,48333,7802,7864,7864,8744,8746,20,24800,9435,48294,13078,7659,13078,33431,13112,48336,517,9462,1501,9442,9443,19,7846,7856,13215,9434,9904,14303,48295,7802,13112,20,20,7852,20,9939,24800,7802,9435,13249,7833,9435,7864,19,8990,24800,7802,7833,9443,8814,7802,7823,8741,48295,13961,7849,13283,8814,13843,13283,8746,13961,1514,9443,7802,7824,11380,1187,8746,8741,36136,986,9443,19534,7864,11908
7254,13843,48333,7802,7864,7864,8744,8746,20,24800,9435,48294,13078,7659,13078,33431,13112,48336,517,9462,1501,9442,9443,19,7846,7856,13215,9434,9904,14303,48295,7802,13112,20,20,7852,20,9939,24800,7802,9435,13249,7833,9435,7864,19,8990,24800,7802,7833,9443,8814,7802,7823,8741,48295,13961,7849,13283,8814,13843,13283,8746,13961,1514,9443,7802,7824,13132,1187,8746,8741,36136,19,9443,19534,7864,13131
7254,13843,48333,7802,7864,7864,8744,8746,20,24800,9435,48294,13078,7659,13078,33431,13112,48336,517,9462,1501,9442,9443,13159,7846,7856,13215,9434,9904,14303,48295,7802,13112,20,20,7852,20,9939,24800,7802,9435,13249,7833,9435,7864,19,8990,24800,7802,7833,9443,8814,7802,7823,8741,48295,13961,7849,13283,8814,13843,13283,8746,13961,1514,9443,7802,7824,20,1187,8746,8741,36136,19,9443,19534,7864,13158
7254,13843,48333,7802,7864,7864,8744,8746,20,24800,9435,48294,13078,7659,13078,33431,13112,48336,517,9462,1501,9442,9443,19089,7846,7856,13215,9434,9904,14303,48295,7802,13112,20,19088,7852,20,9939,24800,7802,9435,13249,7833,9435,7864,19,8990,24800,7802,7833,9443,8814,7802,7823,8741,48295,13961,7849,13283,8814,13843,13283,8746,13961,1514,9443,7802,7824,7431,1187,8746,8741,36136,19,9443,19534,7864,19087
7254,13843,48333,7802,7864,7864,8744,8746,20,24800,9435,48294,13078,7659,13078,33431,13112,48336,517,9462,1501,9442,9443,19104,7846,7856,13215,9434,9904,14303,48295,7802,13112,20,19088,7852,20,9939,24800,7802,9435,13249,7833,9435,7864,19,8990,24800,7802,7833,9443,8814,7802,7823,8741,48295,13961,7849,13283,8814,13843,13283,8746,13961,1514,9443,7802,7824,7431,1187,8746,8741,36136,19,9443,19534,7864,19103
7254,13843,48333,7802,7864,7864,8744,8746,20,24800,9435,48294,13078,7659,13078,33431,13112,48336,19104,9462,1501,9442,9443,19104,7846,7856,13215,9434,9904,14303,48295,7802,13112,20,20,7852,20,9939,24800,7802,9435,13249,7833,9435,7864,19,8990,24800,7802,7833,9443,8814,7802,7823,8741,48295,13961,7849,13283,8814,13843,13283,8746,13961,1514,9443,7802,7824,517,1187,8746,8741,36136,19,9443,19534,7864,19664
7254,13843,48333,7802,7864,7864,8744,8746,20,24800,9435,48294,13078,7659,13078,33431,13112,48336,517,9462,1501,9442,9443,19104,7846,7856,13215,9434,9904,14303,48295,7802,13112,20,20,7852,20,9939,24800,7802,9435,13249,7833,9435,7864,19,8990,24800,7802,7833,9443,8814,7802,7823,8741,48295,13961,7849,13283,8814,13843,13283,8746,13961,1514,9443,7802,7824,19534,1187,8746,8741,36136,19,9443,19104,7864,19665
7254,13843,48333,7802,7864,7864,8744,8746,20,24800,9435,48294,13078,7659,13078,33431,13112,48336,517,9462,1501,9442,9443,19,7846,7856,13215,9434,9904,14303,48295,7802,13112,20,20,7852,20,9939,24800,7802,9435,13249,7833,9435,7864,19,8990,24800,7802,7833,9443,8814,7802,7823,8741,48295,13961,7849,13283,8814,13843,13283,8746,13961,1514,9443,7802,7824,20,1187,8746,8741,36136,19,9443,19534,7864,20541
7254,13843,48333,7802,7864,7864,8744,8746,20,24800,9435,48294,13078,7659,13078,33431,13112,48336,517,9462,1501,9442,9443,19,7846,7856,13215,9434,9904,14303,48295,7802,13112,20,20,7852,20,9939,24800,7802,9435,13249,7833,9435,7864,19,8990,24800,7802,7833,9443,8814,7802,7823,8741,48295,13961,7849,13283,8814,13843,13283,8746,13961,1514,9443,7802,7824,20,1187,8746,8741,36136,19,9443,19534,7864,20546
7254,13843,48333,7802,7864,7864,8744,8746,20,24800,9435,48294,13078,7659,13078,33431,13112,48336,517,9462,1501,9442,9443,19,7846,7856,13215,9434,9904,14303,48295,7802,13112,20,20,7852,20,9939,24800,7802,9435,13249,7833,9435,7864,19,8990,24800,7802,7833,9443,8814,7802,7823,8741,48295,13961,7849,13283,8814,13843,13283,8746,13961,1514,9443,7802,7824,20,1187,8746,8741,36136,19,9443,19534,7864,20548
7254,13843,48333,7802,7864,7864,8744,8746,20,24800,9435,48294,13078,7659,13078,33431,13112,48336,517,9462,1501,9442,9443,19,7846,7856,13215,9434,9904,14303,48295,7802,13112,20,20,7852,20,9939,24800,7802,9435,13249,7833,9435,7864,19,8990,24800,7802,7833,9443,8814,7802,7823,8741,48295,13961,7849,13283,8814,13843,13283,8746,13961,1514,9443,7802,7824,20,1187,8746,8741,36136,19,9443,19534,7864,20552
7254,13843,48333,7802,7864,7864,8744,8746,20,24800,9435,48294,13078,7659,13078,33431,13112,48336,517,9462,1501,9442,9443,19,7846,7856,13215,9434,9904,14303,48295,7802,13112,20,20,7852,20,9939,24800,7802,9435,13249,7833,9435,7864,19,8990,24800,7802,7833,9443,8814,7802,7823,8741,48295,13961,7849,13283,8814,13843,13283,8746,13961,1514,9443,7802,7824,20,1187,8746,8741,36136,19,9443,19534,7864,20554
7254,13843,48333,7802,7864,7864,8744,8746,20,24800,9435,48294,13078,7659,13078,33431,13112,48336,517,9462,1501,9442,9443,19,7846,7856,13215,9434,9904,14303,48295,7802,13112,20,20,7852,20,9939,24800,7802,9435,13249,7833,9435,7864,19,8990,24800,7802,7833,9443,8814,7802,7823,8741,48295,13961,7849,13283,8814,13843,13283,8746,13961,1514,9443,7802,7824,20,1187,8746,8741,36136,19,9443,19534,7864,20558
7254,13843,48333,7802,7864,7864,8744,8746,20,24800,9435,48294,13078,7659,13078,33431,13112,48336,517,9462,1501,9442,9443,19,7846,7856,13215,9434,9904,14303,48295,7802,13112,20,20,7852,20,9939,24800,7802,9435,13249,7833,9435,7864,19,8990,24800,7802,7833,9443,8814,7802,7823,8741,48295,13961,7849,13283,8814,13843,13283,8746,13961,1514,9443,7802,7824,20,1187,8746,8741,36136,19,9443,19534,7864,20788
7254,13843,48333,7802,7864,7864,8744,8746,20,24800,9435,48294,13078,7659,13078,33431,13112,48336,517,9462,1501,9442,9443,19,7846,7856,13215,9434,9904,14303,48295,7802,13112,20,20,7852,20,9939,24800,7802,9435,13249,7833,9435,7864,19,8990,24800,7802,7833,9443,8814,7802,7823,8741,48295,13961,7849,13283,8814,13843,13283,8746,13961,1514,9443,7802,7824,20,1187,8746,8741,36136,19,9443,19534,7864,20790
7254,13843,48333,7802,7864,7864,8744,8746,20,24800,9435,48294,13078,7659,13078,33431,13112,48336,517,9462,1501,9442,9443,48314,7846,7856,13215,9434,9904,14303,48295,7802,13112,20,20,7852,48313,9939,24800,7802,9435,13249,7833,9435,7864,19,48314,24800,7802,7833,9443,8814,7802,7823,8741,48295,13961,7849,13283,8814,13843,13283,8746,13961,1514,9443,7802,7824,8990,1187,8746,8741,36136,19,9443,19534,7864,20792
7254,13843,48333,7802,7864,7864,8744,8746,20,24800,9435,48294,13078,7659,13078,33431,13112,48336,517,9462,1501,9442,9443,19,7846,7856,13215,9434,9904,14303,48295,7802,13112,20,20,7852,48313,9939,24800,7802,9435,13249,7833,9435,7864,19,8990,24800,7802,7833,9443,8814,7802,7823,8741,48295,13961,7849,13283,8814,13843,13283,8746,13961,1514,9443,7802,7824,8990,1187,8746,8741,36136,19,9443,19534,7864,20794
7254,13843,48333,7802,7864,7864,8744,8746,20,24800,9435,48294,13078,7659,13078,33431,13112,48336,517,9462,1501,9442,9443,19,7846,7856,13215,9434,9904,14303,48295,7802,13112,20,20,7852,20,9939,24800,7802,9435,13249,7833,9435,7864,19,8990,24800,7802,7833,9443,8814,7802,7823,8741,48295,13961,7849,13283,8814,13843,13283,8746,13961,1514,9443,7802,7824,20,1187,8746,8741,36136,19,9443,19534,7864,20797
7254,13843,48333,7802,7864,7864,8744,8746,20,24800,9435,48294,13078,7659,13078,33431,13112,48336,517,9462,1501,9442,9443,19,7846,7856,13215,9434,9904,14303,48295,7802,13112,20,20,7852,20,9939,24800,7802,9435,13249,7833,9435,7864,19,8990,24800,7802,7833,9443,8814,7802,7823,8741,48295,13961,7849,13283,8814,13843,13283,8746,13961,1514,9443,7802,7824,20,1187,8746,8741,36136,19,9443,19534,7864,20799
7254,13843,48333,7802,7864,7864,8744,8746,20,24800,9435,48294,13078,7659,13078,33431,13112,48336,517,9462,1501,9442,9443,19,7846,7856,13215,9434,9904,14303,48295,7802,13112,20,20,7852,20,9939,24800,7802,9435,13249,7833,9435,7864,19,8990,24800,7802,7833,9443,8814,7802,7823,8741,48295,13961,7849,13283,8814,13843,13283,8746,13961,1514,9443,7802,7824,20,1187,8746,8741,36136,19,9443,19534,7864,21852
7254,13843,48333,7802,7864,7864,8744,8746,20,24800,9435,48294,13078,7659,13078,33431,13112,48336,517,9462,1501,9442,9443,19,7846,7856,13215,9434,9904,14303,48295,7802,13112,20,20,7852,20,9939,24800,7802,9435,13249,7833,9435,7864,19,8990,24800,7802,7833,9443,8814,7802,7823,8741,48295,13961,7849,13283,8814,13843,13283,8746,13961,1514,9443,7802,7824,20,1187,8746,8741,36136,19,9443,19534,7864,21854
7254,13843,48333,7802,7864,7864,8744,8746,20,24800,9435,48294,13078,7659,13078,33431,13112,48336,517,9462,1501,9442,9443,19,7846,7856,13215,9434,9904,14303,48295,7802,13112,20,20,7852,20,9939,24800,7802,9435,13249,7833,9435,7864,19,8990,24800,7802,7833,9443,8814,7802,7823,8741,48295,13961,7849,13283,8814,13843,13283,8746,13961,1514,9443,7802,7824,20,1187,8746,8741,36136,19,9443,19534,7864,21856
7254,13843,48333,7802,7864,7864,8744,8746,20,24800,9435,48294,13078,7659,13078,33431,13112,48336,517,9462,1501,9442,9443,19,7846,7856,13215,9434,9904,14303,48295,7802,13112,20,20,7852,20,9939,24800,7802,9435,13249,7833,9435,7864,19,8990,24800,7802,7833,9443,8814,7802,7823,8741,48295,13961,7849,13283,8814,13843,13283,8746,13961,1514,9443,7802,7824,20,1187,8746,8741,36136,19,9443,19534,7864,21858
7254,13843,48333,7802,7864,7864,8744,8746,20,24800,9435,48294,13078,7659,13078,33431,13112,48336,517,9462,1501,9442,9443,19,7846,7856,13215,9434,9904,14303,48295,7802,13112,20,20,7852,20,9939,24800,7802,9435,13249,7833,9435,7864,19,8990,24800,7802,7833,9443,8814,7802,7823,8741,48295,13961,7849,13283,8814,13843,13283,8746,13961,1514,9443,7802,7824,20,1187,8746,8741,36136,19,9443,19534,7864,21860
7254,13843,48333,7802,7864,7864,8744,8746,20,24800,9435,48294,13078,7659,13078,33431,13112,48336,517,9462,1501,9442,9443,19,7846,7856,13215,9434,9904,14303,48295,7802,13112,20,20,7852,20,9939,24800,7802,9435,13249,7833,9435,7864,19,8990,24800,7802,7833,9443,8814,7802,7823,8741,48295,13961,7849,13283,8814,13843,13283,8746,13961,1514,9443,7802,7824,20,1187,8746,8741,36136,19,9443,19534,7864,21862
10201,13843,48333,7802,7864,7864,8744,8746,20,24800,9435,48294,13078,7659,13078,33431,13112,48336,517,9462,1501,9442,9443,10201,7846,7856,13215,9434,9904,14303,48295,7802,13112,20,20,7852,20,9939,24800,7802,9435,13249,7833,9435,7864,19,8990,24800,7802,7833,9443,8814,7802,7823,8741,48295,13961,7849,13283,8814,13843,13283,8746,13961,1514,9443,7802,7824,7254,1187,8746,8741,36136,19,9443,19534,7864,23212
7254,13843,48333,7802,7864,7864,8744,8746,20,24800,9435,48294,13078,7659,13078,33431,13112,48336,517,9462,1501,9442,9443,10201,7846,7856,13215,9434,9904,14303,48295,7802,13112,20,20,7852,20,9939,24800,7802,9435,13249,7833,9435,7864,19,8990,24800,7802,7833,9443,8814,7802,7823,8741,48295,13961,7849,13283,8814,13843,13283,8746,13961,1514,9443,7802,7824,20,1187,8746,8741,36136,19,9443,19534,7864,23213
7254,13843,48333,7802,7864,7864,8744,8746,20,24800,9435,48294,13078,7659,13078,33431,13112,48336,517,9462,1501,9442,9443,10201,7846,7856,13215,9434,9904,14303,48295,7802,13112,20,20,7852,20,9939,24800,7802,9435,13249,7833,9435,7864,19,8990,24800,7802,7833,9443,8814,7802,7823,8741,48295,13961,7849,13283,8814,13843,13283,8746,13961,1514,9443,7802,7824,20,1187,8746,8741,36136,19,9443,19534,7864,23214
7254,13843,48333,7802,7864,7864,8744,8746,20,24800,9435,48294,13078,7659,13078,33431,13112,48336,517,9462,1501,9442,9443,10201,7846,7856,13215,9434,9904,14303,48295,7802,13112,20,20,7852,20,9939,24800,7802,9435,13249,7833,9435,7864,19,8990,24800,7802,7833,9443,8814,7802,7823,8741,48295,13961,7849,13283,8814,13843,13283,8746,13961,1514,9443,7802,7824,20,1187,8746,8741,36136,19,9443,19534,7864,23216
7254,13843,48333,7802,7864,7864,8744,8746,20,24800,9435,48294,13078,7659,13078,33431,13112,48336,517,9462,1501,9442,9443,19,7846,7856,13215,9434,9904,14303,48295,7802,13112,20,20,7852,20,9939,24800,7802,9435,13249,7833,9435,7864,19,8990,24800,7802,7833,9443,8814,7802,7823,8741,48295,13961,7849,13283,8814,13843,13283,8746,13961,1514,9443,7802,7824,20,1187,8746,8741,36136,19,9443,19534,7864,23241
7254,13843,48333,7802,7864,7864,8744,8746,20,24800,9435,48294,13078,7659,13078,33431,13112,48336,517,9462,1501,9442,9443,19,7846,7856,13215,9434,9904,14303,48295,7802,13112,20,20,7852,20,9939,24800,7802,9435,13249,7833,9435,7864,19,8990,24800,7802,7833,9443,8814,7802,7823,8741,48295,13961,7849,13283,8814,13843,13283,8746,13961,1514,9443,7802,7824,20,1187,8746,8741,36136,19,9443,19534,7864,23252
7254,13843,48333,7802,7864,7864,8744,8746,20,24800,9435,48294,13078,7659,13078,33431,13112,48336,517,9462,1501,9442,9443,19,7846,7856,13215,9434,9904,14303,48295,7802,13112,20,20,7852,20,9939,24800,7802,9435,13249,7833,9435,7864,19,8990,24800,7802,7833,9443,8814,7802,7823,8741,48295,13961,7849,13283,8814,13843,13283,8746,13961,1514,9443,7802,7824,20,1187,8746,8741,36136,19,9443,19534,7864,23254
7254,13843,48333,7802,7864,7864,8744,8746,20,24800,9435,48294,13078,7659,13078,33431,13112,48336,517,9462,1501,9442,9443,19,7846,7856,13215,9434,9904,14303,48295,7802,13112,20,20,7852,20,9939,24800,7802,9435,13249,7833,9435,7864,19,8990,24800,7802,7833,9443,8814,7802,7823,8741,48295,13961,7849,13283,8814,13843,13283,8746,13961,1514,9443,7802,7824,20,1187,8746,8741,36136,19,9443,19534,7864,23257
7254,13843,48333,7802,7864,7864,8744,8746,20,24800,9435,48294,13078,7659,13078,33431,13112,48336,517,9462,1501,9442,9443,23264,7846,7856,13215,9434,9904,14303,48295,7802,13112,20,20,7852,20,9939,24800,7802,9435,13249,7833,9435,7864,19,8990,24800,7802,7833,9443,8814,7802,7823,8741,48295,13961,7849,13283,8814,13843,13283,8746,13961,1514,9443,7802,7824,20,1187,8746,8741,36136,19,9443,19534,7864,23262
7254,13843,48333,7802,7864,7864,8744,8746,20,24800,9435,48294,13078,7659,13078,33431,13112,48336,517,9462,1501,9442,9443,19,7846,7856,13215,9434,9904,14303,48295,7802,13112,20,20,7852,20,9939,24800,7802,9435,13249,7833,9435,7864,19,8990,24800,7802,7833,9443,8814,7802,7823,8741,48295,13961,7849,13283,8814,13843,13283,8746,13961,1514,9443,7802,7824,20,1187,8746,8741,36136,19,9443,19534,7864,23266
7254,13843,48333,7802,7864,7864,8744,8746,20,24800,9435,48294,13078,7659,13078,33431,13112,48336,517,9462,1501,9442,9443,19,7846,7856,13215,9434,9904,14303,48295,7802,13112,20,20,7852,20,9939,24800,7802,9435,13249,7833,9435,7864,19,8990,24800,7802,7833,9443,8814,7802,7823,8741,48295,13961,7849,13283,8814,13843,13283,8746,13961,1514,9443,7802,7824,20,1187,8746,8741,36136,19,9443,19534,7864,23267
7254,13843,48333,7802,7864,7864,8744,8746,20,24800,9435,48294,13078,7659,13078,33431,13112,48336,517,9462,1501,9442,9443,23271,7846,7856,13215,9434,9904,14303,48295,7802,13112,20,20,7852,20,9939,24800,7802,9435,13249,7833,9435,7864,19,8990,24800,7802,7833,9443,8814,7802,7823,8741,48295,13961,7849,13283,8814,13843,13283,8746,13961,1514,9443,7802,7824,20,1187,8746,8741,36136,19,9443,19534,7864,23270
7254,13843,48333,7802,7864,7864,8744,8746,7864,24800,9435,48294,13078,7659,13078,33431,13112,48336,517,9462,511,9442,9443,19,7846,7856,13215,9434,9904,14303,48295,7802,13112,20,20,7852,20,9939,24800,7802,9435,13249,7833,9435,7864,20,8990,24800,7802,7833,9443,8814,7802,7823,8741,48295,13961,7849,13283,8814,13843,13283,8746,13961,1514,9443,7802,7824,20,1187,8746,8741,36136,19,9443,19534,1501,47589
7254,13843,48333,7802,7864,7864,8744,8746,7864,24800,9435,48294,13078,7659,13078,33431,13112,48336,517,9462,511,9442,9443,19,7846,7856,13215,9434,9904,14303,48295,7802,13112,20,20,7852,20,9939,24800,7802,9435,13249,7833,9435,7864,20,8990,24800,7802,7833,9443,8814,7802,7823,8741,48295,13961,7849,13283,8814,13843,13283,8746,13961,1514,9443,7802,7824,20,1187,8746,8741,36136,19,9443,19534,1501,13487
7254,13843,48333,7802,7864,7864,8744,8746,24800,12730,9435,48294,13078,7659,13078,33431,13112,48336,517,9462,1501,9442,9443,19,7846,7856,13215,9434,9904,14303,48295,7802,13112,20,20,7852,20,9939,24800,7802,9435,13249,7833,9435,7864,20,8990,869,7802,7833,9443,8814,7802,7823,8741,48295,13961,7849,13283,8814,13843,13283,8746,13961,1514,9443,7802,7824,20,1187,8746,8741,36136,19,9443,19534,7864,25068
7254,13843,48333,7802,7864,7864,8744,8746,7833,24800,9435,48294,13078,7659,13078,33431,13112,48336,517,9462,1501,9442,9443,19,7846,7856,13215,9434,9904,14303,48295,7802,13112,20,20,7852,20,9939,24800,7802,9435,13249,7832,9435,7864,20,8990,24800,7802,13013,9443,8814,7802,7823,8741,48295,13961,7849,13283,8814,13843,13283,8746,13961,1514,9443,7802,7824,20,1187,8746,8741,36136,19,9443,19534,7864,13012
7254,13843,48333,7802,7864,7864,8744,8746,13078,24800,9435,48294,1501,7659,13079,33431,13112,48336,517,9462,1501,9442,9443,19,7846,7856,13215,9434,9904,14303,48295,7802,13112,20,20,7852,20,9939,24800,7802,9435,13249,7833,9435,7864,20,8990,24800,7802,7833,9443,8814,7802,7823,8741,48295,13961,7849,13283,8814,13843,13283,8746,13961,1514,9443,7802,7824,20,1187,8746,8741,36136,19,9443,19534,7864,47550
7254,13843,48333,7802,7864,7864,8744,8746,13078,24800,9435,48294,1501,7659,13174,33431,13112,48336,517,9462,1501,9442,9443,19,7846,7856,13215,9434,9904,14303,48295,7802,13112,20,20,7852,20,9939,24800,7802,9435,13249,7833,9435,7864,20,8990,24800,7802,7833,9443,8814,7802,7823,8741,48295,13961,7849,13283,8814,13843,13283,8746,13961,1514,9443,7802,7824,20,1187,8746,8741,36136,19,9443,19534,7864,13509
7254,13843,48333,7802,7864,7864,8744,8746,13078,24800,9435,48294,1501,7659,13079,33431,13112,48336,517,9462,1501,9442,9443,19,7846,7856,13215,9434,9904,14303,48295,7802,13112,20,20,7852,20,9939,24800,7802,9435,13249,7833,9435,7864,20,8990,24800,7802,7833,9443,8814,7802,7823,8741,48295,13961,7849,13283,8814,13843,13283,8746,13961,1514,9443,7802,7824,20,1187,8746,8741,36136,19,9443,19534,7864,13077
7254,13843,48333,7802,7864,7864,8744,8746,13249,24800,9435,48294,13078,7659,13078,33431,13112,48336,517,9462,1501,9442,9443,19,7846,7856,13215,9434,9904,14303,48295,7802,13112,20,20,7852,20,9939,24800,7802,9435,13248,7833,9435,7864,20,8990,24800,7802,7833,9443,8814,7802,7823,8741,48295,13961,7849,13283,8814,13843,13283,8746,13961,1514,9443,7802,7824,20,1187,8746,8741,36136,19,9443,19534,7864,47581
7254,13843,48333,7802,7864,7864,8744,8746,13249,24800,9435,48294,13078,7659,13078,33431,13112,48336,517,9462,1501,9442,9443,19,7846,7856,13215,9434,9904,14303,48295,7802,13112,20,20,7852,20,9939,24800,7802,9435,13248,7833,9435,7864,20,8990,24800,7802,7833,9443,8814,7802,7823,8741,48295,13961,7849,13283,8814,13843,13283,8746,13961,1514,9443,7802,7824,20,1187,8746,8741,36136,19,9443,19534,7864,13247
7254,13843,48333,7802,7864,7864,8744,2160,8746,24800,9435,48294,13078,7659,13078,33431,13112,48336,517,9462,1501,9442,9443,19,7846,7856,13215,9434,9904,14303,48295,7802,13112,20,20,7852,20,9939,24800,7802,9435,13249,7833,9435,7864,20,8990,24800,7802,7833,9443,8814,7802,7823,8741,48295,13961,7849,13283,8814,13843,13283,8746,13961,1514,9443,7802,7824,20,1187,8470,8741,36136,19,9443,19534,7864,26745
7254,13843,48333,7802,7864,7864,8744,2160,8746,24800,9435,48294,13078,7659,13078,33431,13112,48336,517,9462,1501,9442,9443,19,7846,7856,13215,9434,9904,14303,48295,7802,13112,20,20,7852,20,9939,24800,7802,9435,13249,7833,9435,7864,20,8990,24800,7802,7833,9443,8814,7802,7823,8741,48295,13961,7849,13283,8814,13843,13283,12076,13961,1514,9443,7802,7824,20,1187,8470,8741,36136,19,9443,19534,7864,12075
7254,13843,48333,7802,7864,7864,8744,2160,8746,24800,9435,48294,13078,7659,13078,33431,13112,48336,517,9462,1501,9442,9443,19,7846,7856,13215,9434,9904,14303,48295,7802,13112,20,20,7852,20,9939,24800,7802,9435,13249,7833,9435,7864,20,8990,24800,7802,7833,9443,8814,7802,7823,8741,48295,13961,7849,13283,8814,13843,13283,8746,13961,1514,9443,7802,7824,20,1187,8470,8741,36136,19,9443,19534,7864,8811
7254,13843,48333,7802,7864,7864,8744,2160,8746,24800,9435,48294,13078,7659,13078,33431,13112,48336,517,9462,1501,9442,9443,19,7846,7856,13215,9434,9904,14303,48295,7802,13112,20,20,7852,20,9939,24800,7802,9435,13249,7833,9435,7864,20,8990,24800,7802,7833,9443,8814,7802,7823,8741,48295,13961,7849,13283,8814,13843,13283,8746,13961,1514,9443,7802,7824,20,1187,8470,8741,36136,19,9443,19534,7864,8793
7254,13843,48333,7802,7864,7864,8744,2160,8746,24800,9435,48294,13078,7659,13078,33431,13112,48336,517,9462,1501,9442,9443,19,7846,7856,13215,9434,9904,14303,48295,7802,13112,20,20,7852,20,9939,24800,7802,9435,13249,7833,9435,7864,20,8990,24800,7802,7833,9443,8814,7802,7823,8741,48295,13961,7849,13283,8814,13843,13283,8746,13961,1514,9443,7802,7824,20,1187,8470,8741,36136,19,9443,19534,7864,8745
7254,13841,48333,7802,7864,7864,8744,8746,13843,24800,9435,48294,13078,7659,13078,33431,13112,48336,517,9462,1501,9442,9443,19,7846,7856,13215,9434,9904,14303,48295,7802,13112,20,20,7852,20,9939,24800,7802,9435,13249,7833,9435,7864,20,8990,24800,7802,7833,9443,8814,7802,7823,8741,48295,13961,7849,13283,8814,13842,13283,8746,13961,1514,9443,7802,7824,20,1187,8746,8741,36136,19,9443,19534,7864,13840
7254,13843,48333,7802,7864,7864,8744,8746,9443,24800,9435,48294,13078,7659,13078,33431,13112,48336,517,9462,1501,9442,9443,19,7846,7856,13215,9434,9904,14303,48295,7802,13112,20,20,7852,20,9939,24800,7802,9435,13249,7833,9435,7864,20,8990,24800,7802,7833,9443,8814,7802,7823,8741,48295,13961,7849,13283,8814,13843,13283,8746,13961,1514,9442,7802,7824,20,1187,8746,8741,36136,19,21780,19534,7864,21779
7254,13843,48333,7802,7864,7864,8744,8746,9443,24800,9435,48294,13078,7659,13078,33431,13112,48336,517,9462,1501,2063,9443,19,7846,7856,13215,9434,9904,14303,48295,7802,13112,20,20,7852,20,9939,24800,7802,9435,13249,7833,9435,7864,20,8990,24800,7802,7833,21178,8814,7802,7823,8741,48295,13961,7849,13283,8814,13843,13283,8746,13961,1514,9442,7802,7824,20,1187,8746,8741,36136,19,9443,19534,7864,21177
7254,13843,48333,7802,7864,7864,8744,8746,8814,24800,9435,48294,13078,7659,13078,33431,13112,48336,517,9462,1501,9442,9443,19,7846,7856,13215,9434,9904,14303,48295,7802,13112,20,20,7852,20,9939,24800,7802,9435,13249,7833,9435,7864,20,8990,24800,7802,7833,9443,7251,7802,7823,8741,48295,13961,7849,13283,8814,13843,13283,8746,13961,1514,9443,7802,7824,20,1187,8746,8741,36136,19,9443,19534,7864,45744
7254,13843,48333,7802,7864,7864,8744,8746,8814,24800,9435,48294,13078,7659,13078,33431,13112,48336,517,9462,1501,9442,9443,19,7846,7856,13215,9434,9904,14303,48295,7802,13112,20,20,7852,20,9939,24800,7802,9435,13249,7833,9435,7864,20,8990,24800,7802,7833,9443,7251,7802,7823,8741,48295,13961,7849,13283,8813,13843,13283,8746,13961,1514,9443,7802,7824,20,1187,8746,8741,36136,19,9443,19534,7864,26746
7254,13843,48333,7802,7864,7864,8744,8746,8814,24800,9435,48294,13078,7659,13078,33431,13112,48336,517,9462,1501,9442,9443,19,7846,7856,13215,9434,9904,14303,48295,7802,13112,20,20,7852,20,9939,24800,7802,9435,13249,7833,9435,7864,20,8990,24800,7802,7833,9443,7251,7802,7823,8741,48295,13961,7849,13283,8813,13843,13283,8746,13961,1514,9443,7802,7824,20,1187,8746,8741,36136,19,9443,19534,7864,23684
7254,13843,48333,7802,7864,7864,8744,8746,8814,24800,9435,48294,13078,7659,13078,33431,13112,48336,517,9462,1501,9442,9443,19,7846,7856,13215,9434,9904,14303,48295,7802,13112,20,20,7852,20,9939,24800,7802,9435,13249,7833,9435,7864,20,8990,24800,7802,7833,9443,7251,7802,7823,8741,48295,13961,7849,13283,8813,13843,13283,8746,13961,1514,9443,7802,7824,20,1187,8746,8741,36136,19,9443,19534,7864,22557
7254,13843,48333,7802,7864,7864,8744,8746,8814,24800,9435,48294,13078,7659,13078,33431,13112,48336,517,9462,1501,9442,9443,19,7846,7856,13215,9434,9904,14303,48295,7802,13112,20,20,7852,20,9939,24800,7802,9435,13249,7833,9435,7864,20,8990,24800,7802,7833,9443,7251,7802,7823,8741,48295,13961,7849,13283,19694,13843,13283,8746,13961,1514,9443,7802,7824,20,1187,8746,8741,36136,19,9443,19534,7864,19693
7254,13843,48333,7802,7864,7864,8744,8746,8814,24800,9435,48294,13078,7659,13078,33431,13112,48336,517,9462,1501,9442,9443,19,7846,7856,13215,9434,9904,14303,48295,7802,13112,20,20,7852,20,9939,24800,7802,9435,13249,7833,9435,7864,20,8990,24800,7802,7833,9443,7251,7802,7823,8741,48295,13961,7849,13283,8814,13843,13283,8746,13961,1514,9443,7802,7824,20,1187,8746,8741,36136,19,9443,19534,7864,12155
7254,13843,48333,7802,7864,7864,8744,8746,8814,24800,9435,48294,13078,7659,13078,33431,13112,48336,517,9462,1501,9442,9443,19,7846,7856,13215,9434,9904,14303,48295,7802,13112,20,20,7852,20,9939,24800,7802,9435,13249,7833,9435,7864,20,8990,24800,7802,7833,9443,7251,7802,7823,8741,48295,13961,7849,13283,8813,13843,13283,8746,13961,1514,9443,7802,7824,20,1187,8746,8741,36136,19,9443,19534,7864,12084
7254,13843,48333,7802,7864,7864,8744,8746,8814,24800,9435,48294,13078,7659,13078,33431,13112,48336,517,9462,1501,9442,9443,19,7846,7856,13215,9434,9904,14303,48295,7802,13112,20,20,7852,20,9939,24800,7802,9435,13249,7833,9435,7864,20,8990,24800,7802,7833,9443,7251,7802,7823,8741,48295,13961,7849,13283,8814,13843,13283,8746,13961,1514,9443,7802,7824,20,1187,8746,8741,36136,19,9443,19534,7864,9362
7254,13843,48333,7802,7864,7864,8744,8746,8814,24800,9435,48294,13078,7659,13078,33431,13112,48336,517,9462,1501,9442,9443,19,7846,7856,13215,9434,9904,14303,48295,7802,13112,20,20,7852,20,9939,24800,7802,9435,13249,7833,9435,7864,20,8990,24800,7802,7833,9443,7251,7802,7823,8741,48295,13961,7849,13283,8814,13843,13283,8746,13961,1514,9443,7802,7824,20,1187,8746,8741,36136,19,9443,19534,7864,9361
7254,13843,48333,7802,7864,7864,8744,8746,7824,24800,9435,48294,13078,7659,13078,33431,13112,48336,517,9462,1501,9442,9443,19,7846,7856,13215,9434,9904,14303,48295,7802,13112,20,20,7852,20,9939,24800,7802,9435,13249,7833,9435,7864,20,8990,24800,7802,7833,9443,8814,7802,7823,8741,48295,13961,7849,13283,8814,13843,13283,8746,13961,1514,9443,7802,7823,20,1187,8746,8741,36136,19,9443,19534,7864,7893
7254,13843,48333,7802,7864,7864,8744,8746,7824,24800,9435,48294,13078,7659,13078,33431,13112,48336,517,9462,1501,9442,9443,19,7846,7856,13215,9434,9904,14303,48295,7802,13112,20,20,7852,20,9939,24800,7802,9435,13249,7833,9435,7864,20,8990,24800,7802,7833,9443,8814,7802,4196,8741,48295,13961,7849,13283,8814,13843,13283,8746,13961,1514,9443,7802,7823,20,1187,8746,8741,36136,19,9443,19534,7864,7822
7254,13843,48333,7802,7864,7864,8744,8746,7802,24800,9435,48294,13078,7659,13078,33431,13112,48336,517,9462,1501,9442,9443,19,7846,7856,13215,9434,9904,14303,48295,7809,13112,20,20,7852,20,9939,24800,7802,9435,13249,7833,9435,7864,20,8990,24800,7802,7833,9443,8814,1514,7823,8741,48295,13961,7849,13283,8814,13843,13283,8746,13961,7805,9443,7810,7824,20,1187,8746,8741,36136,19,9443,19534,7864,47561
7254,13843,48333,7802,7864,7864,8744,8746,7802,24800,9435,48294,13078,7659,13078,33431,13112,48336,517,9462,7805,9442,9443,19,7846,7856,13215,9434,9904,14303,48295,7802,13112,20,20,7852,20,9939,24800,7807,9435,13249,7833,9435,7864,20,8990,24800,1501,7833,9443,8814,1514,7823,8741,48295,13961,7849,13283,8814,13843,13283,8746,13961,7805,9443,7802,7824,20,1187,8746,8741,36136,19,9443,19534,7864,47560
7254,13843,48333,13117,7864,7864,8744,8746,7802,24800,9435,48294,13078,7659,13078,33431,13112,48336,517,9462,1501,9442,9443,19,7846,7856,13215,9434,9904,14303,48295,7802,13112,20,20,7852,20,9939,24800,7802,9435,13249,7833,9435,7864,20,8990,24800,7802,7833,9443,8814,1514,7823,8741,48295,13961,7849,13283,8814,13843,13283,8746,13961,511,9443,7802,7824,20,1187,8746,8741,36136,19,9443,19534,7864,47556
7254,13843,48333,7802,7864,7864,8744,8746,7802,24800,9435,48294,13078,7659,13078,33431,13112,48336,517,9462,1501,9442,9443,19,7846,7856,13215,9434,9904,14303,48295,7809,13112,20,20,7852,20,9939,24800,7802,9435,13249,7833,9435,7864,20,8990,24800,7802,7833,9443,8814,1514,7823,8741,48295,13961,7849,13283,8814,13843,13283,8746,13961,7805,9443,7810,7824,20,1187,8746,8741,36136,19,9443,19534,7864,13127
7254,13843,48333,7802,7864,7864,8744,8746,7802,24800,9435,48294,13078,7659,13078,33431,13112,48336,517,9462,7805,9442,9443,19,7846,7856,13215,9434,9904,14303,48295,7802,13112,20,20,7852,20,9939,24800,7807,9435,13249,7833,9435,7864,20,8990,24800,1501,7833,9443,8814,1514,7823,8741,48295,13961,7849,13283,8814,13843,13283,8746,13961,7805,9443,7802,7824,20,1187,8746,8741,36136,19,9443,19534,7864,13126
7254,13843,48333,13117,7864,7864,8744,8746,7802,24800,9435,48294,13078,7659,13078,33431,13112,48336,517,9462,1501,9442,9443,19,7846,7856,13215,9434,9904,14303,48295,7802,13112,20,20,7852,20,9939,24800,7802,9435,13249,7833,9435,7864,20,8990,24800,7802,7833,9443,8814,1514,7823,8741,48295,13961,7849,13283,8814,13843,13283,8746,13961,511,9443,7802,7824,20,1187,8746,8741,36136,19,9443,19534,7864,13116
7254,13843,48333,7803,7864,7864,8744,8746,7802,24800,9435,48294,13078,7659,13078,33431,13112,48336,517,9462,1501,9442,9443,19,7846,7856,13215,9434,9904,14303,48295,7802,13112,20,20,7852,20,9939,24800,7804,9435,13249,7833,9435,7864,20,8990,24800,7802,7833,9443,8814,1514,7823,8741,48295,13961,7849,13283,8814,13843,13283,8746,13961,7805,9443,7802,7824,20,1187,8746,8741,36136,19,9443,19534,7864,7801
7254,13843,48333,7802,7864,7864,8744,8746,13112,24800,9435,48294,13078,7659,13078,33431,1514,48336,517,9462,1501,9442,9443,19,7846,7856,13215,9434,9904,14303,48295,7802,101,20,20,7852,20,9939,24800,7802,9435,13249,7833,9435,7864,20,8990,24800,7802,7833,9443,8814,7802,7823,8741,48295,13961,7849,13283,8814,13843,13283,8746,13961,1514,9443,7802,7824,20,1187,8746,8741,36136,19,9443,19534,7864,47588
7254,13843,48333,7802,7864,7864,8744,8746,13112,24800,9435,48294,13078,7659,13078,33431,1514,48336,517,9462,1501,9442,9443,19,7846,7856,13215,9434,9904,14303,48295,7802,101,20,20,7852,20,9939,24800,7802,9435,13249,7833,9435,7864,20,8990,24800,7802,7833,9443,8814,7802,7823,8741,48295,13961,7849,13283,8814,13843,13283,8746,13961,1514,9443,7802,7824,20,1187,8746,8741,36136,19,9443,19534,7864,13486
7254,13843,48333,7802,7864,7864,8744,8746,7852,24800,9435,48294,13078,7659,13078,33431,13112,48336,517,9462,1501,9442,9443,19,7846,7856,13215,9434,9904,14303,48295,7802,13112,20,20,7851,20,9939,24800,7802,9435,13249,7833,9435,7864,20,8990,24800,7802,7833,9443,8814,7802,7823,8741,48295,13961,7849,13283,8814,13843,13283,8746,13961,1514,9443,7802,7824,20,1187,8746,8741,36136,19,9443,19534,7864,26480
7254,13843,48333,7802,7864,7864,8744,8746,7852,24800,9435,48294,13078,7659,13078,33431,13112,48336,517,9462,1501,9442,9443,19,7846,7856,13215,9434,9904,14303,48295,7802,13112,20,20,7851,20,9939,24800,7802,9435,13249,7833,9435,7864,20,8990,24800,7802,7833,9443,8814,7802,7823,8741,48295,13961,7849,13283,8814,13843,13283,8746,13961,1514,9443,7802,7824,20,1187,8746,8741,36136,19,9443,19534,7864,25481
7254,13843,48333,7802,7864,7864,8744,8746,7852,24800,9435,48294,13078,7659,13078,33431,13112,48336,517,9462,1501,9442,9443,19,7846,7856,13215,9434,9904,14303,48295,7802,13112,20,20,7851,20,9939,24800,7802,9435,13249,7833,9435,7864,20,8990,24800,7802,7833,9443,8814,7802,7823,8741,48295,13961,7849,13283,8814,13843,13283,8746,13961,1514,9443,7802,7824,20,1187,8746,8741,36136,19,9443,19534,7864,25457
7254,13843,48333,7802,7864,7864,8744,8746,7852,24800,9435,48294,13078,7659,13078,33431,13112,48336,517,9462,1501,9442,9443,19,7846,7856,13215,9434,9904,14303,48295,7802,13112,20,20,7851,20,9939,24800,7802,9435,13249,7833,9435,7864,20,8990,24800,7802,7833,9443,8814,7802,7823,8741,48295,13961,7849,13283,8814,13843,13283,8746,13961,1514,9443,7802,7824,20,1187,8746,8741,36136,19,9443,19534,7864,25455
7254,13843,48333,7802,7864,7864,8744,8746,7852,24800,9435,48294,13078,7659,13078,33431,13112,48336,517,9462,1501,9442,9443,19,7846,7856,13215,9434,9904,14303,48295,7802,13112,20,20,7851,20,9939,24800,7802,9435,13249,7833,9435,7864,20,8990,24800,7802,7833,9443,8814,7802,7823,8741,48295,13961,7849,13283,8814,13843,13283,8746,13961,1514,9443,7802,7824,20,1187,8746,8741,36136,19,9443,19534,7864,25454
7254,13843,48333,7802,7864,7864,8744,8746,7852,24800,9435,48294,13078,7659,13078,33431,13112,48336,517,9462,1501,9442,9443,19,7846,7856,13215,9434,9904,14303,48295,7802,13112,20,20,7851,20,9939,24800,7802,9435,13249,7833,9435,7864,20,8990,24800,7802,7833,9443,8814,7802,7823,8741,48295,13961,7849,13283,8814,13843,13283,8746,13961,1514,9443,7802,7824,20,1187,8746,8741,36136,19,9443,19534,7864,25453
7254,13843,48333,7802,7864,7864,8744,8746,7852,24800,9435,48294,13078,7659,13078,33431,13112,48336,517,9462,1501,9442,9443,19,7846,7856,13215,9434,9904,14303,48295,7802,13112,20,20,7851,20,9939,24800,7802,9435,13249,7833,9435,7864,20,8990,24800,7802,7833,9443,8814,7802,7823,8741,48295,13961,7849,13283,8814,13843,13283,8746,13961,1514,9443,7802,7824,20,1187,8746,8741,36136,19,9443,19534,7864,25452
7254,13843,48333,7802,7864,7864,8744,8746,7852,24800,9435,48294,13078,7659,13078,33431,13112,48336,517,9462,1501,9442,9443,19,7846,7856,13215,9434,9904,14303,48295,7802,13112,20,20,7851,20,9939,24800,7802,9435,13249,7833,9435,7864,20,8990,24800,7802,7833,9443,8814,7802,7823,8741,48295,13961,7849,13283,8814,13843,13283,8746,13961,1514,9443,7802,7824,20,1187,8746,8741,36136,19,9443,19534,7864,25450
7254,13843,48333,7802,7864,7864,8744,8746,7852,24800,9435,48294,13078,7659,13078,33431,13112,48336,517,9462,1501,9442,9443,19,7846,7856,13215,9434,9904,14303,48295,7802,13112,20,20,7851,20,9939,24800,7802,9435,13249,7833,9435,7864,20,8990,24800,7802,7833,9443,8814,7802,7823,8741,48295,13961,7849,13283,8814,13843,13283,8746,13961,1514,9443,7802,7824,20,1187,8746,8741,36136,19,9443,19534,7864,25269
7254,13843,48333,7802,7864,7864,8744,8746,7852,24800,9435,48294,13078,7659,13078,33431,13112,48336,517,9462,1501,9442,9443,19,7846,7856,13215,9434,9904,14303,48295,7802,13112,20,20,7851,20,9939,24800,7802,9435,13249,7833,9435,7864,20,8990,24800,7802,7833,9443,8814,7802,7823,8741,48295,13961,7849,13283,8814,13843,13283,8746,13961,1514,9443,7802,7824,20,1187,8746,8741,36136,19,9443,19534,7864,25265
7254,13843,48333,7802,7864,7864,8744,8746,7852,24800,9435,48294,13078,7659,13078,33431,13112,48336,517,9462,1501,9442,9443,19,7846,7856,13215,9434,9904,14303,48295,7802,13112,20,20,7851,20,9939,24800,7802,9435,13249,7833,9435,7864,20,8990,24800,7802,7833,9443,8814,7802,7823,8741,48295,13961,7849,13283,8814,13843,13283,8746,13961,1514,9443,7802,7824,20,1187,8746,8741,36136,19,9443,19534,7864,25229
7254,13843,48333,7802,7864,7864,8744,8746,7852,24800,9435,48294,13078,7659,13078,33431,13112,48336,517,9462,1501,9442,9443,19,7846,7856,13215,9434,9904,14303,48295,7802,13112,20,20,7851,20,9939,24800,7802,9435,13249,7833,9435,7864,20,8990,24800,7802,7833,9443,8814,7802,7823,8741,48295,13961,7849,13283,8814,13843,13283,8746,13961,1514,9443,7802,7824,20,1187,8746,8741,36136,19,9443,19534,7864,25225
7254,13843,48333,7802,7864,7864,8744,8746,7852,24800,9435,48294,13078,7659,13078,33431,13112,48336,517,9462,1501,9442,9443,19,7846,7856,13215,9434,9904,14303,48295,7802,13112,20,20,7851,20,9939,24800,7802,9435,13249,7833,9435,7864,20,8990,24800,7802,7833,9443,8814,7802,7823,8741,48295,13961,7849,13283,8814,13843,13283,8746,13961,1514,9443,7802,7824,20,1187,8746,8741,36136,19,9443,19534,7864,25217
7254,13843,48333,7802,7864,7864,8744,8746,7852,24800,9435,48294,13078,7659,13078,33431,13112,48336,517,9462,1501,9442,9443,19,7846,7856,13215,9434,9904,14303,48295,7802,13112,20,20,7851,20,9939,24800,7802,9435,13249,7833,9435,7864,20,8990,24800,7802,7833,9443,8814,7802,7823,8741,48295,13961,7849,13283,8814,13843,13283,8746,13961,1514,9443,7802,7824,20,1187,8746,8741,36136,19,9443,19534,7864,25030
7254,13843,48333,7802,7864,7864,8744,8746,7852,24800,9435,48294,13078,7659,13078,33431,13112,48336,517,9462,1501,9442,9443,19,7846,7856,13215,9434,9904,14303,48295,7802,13112,20,20,7851,20,9939,24800,7802,9435,13249,7833,9435,7864,20,8990,24800,7802,7833,9443,8814,7802,7823,8741,48295,13961,7849,13283,8814,13843,13283,8746,13961,1514,9443,7802,7824,20,1187,8746,8741,36136,19,9443,19534,7864,24788
7254,13843,48333,7802,7864,7864,8744,8746,7852,24800,9435,48294,13078,7659,13078,33431,13112,48336,517,9462,1501,9442,9443,19,7846,7856,13215,9434,9904,14303,48295,7802,13112,20,20,7851,20,9939,24800,7802,9435,13249,7833,9435,7864,20,8990,24800,7802,7833,9443,8814,7802,7823,8741,48295,13961,7849,13283,8814,13843,13283,8746,13961,1514,9443,7802,7824,20,1187,8746,8741,36136,19,9443,19534,7864,24787
7254,13843,48333,7802,7864,7864,8744,8746,7852,24800,9435,48294,13078,7659,13078,33431,13112,48336,517,9462,1501,9442,9443,19,7846,7856,13215,9434,9904,14303,48295,7802,13112,20,20,7851,20,9939,24800,7802,9435,13249,7833,9435,7864,20,8990,24800,7802,7833,9443,8814,7802,7823,8741,48295,13961,7849,13283,8814,13843,13283,8746,13961,1514,9443,7802,7824,20,1187,8746,8741,36136,19,9443,19534,7864,24786
7254,13843,48333,7802,7864,7864,8744,8746,7852,24800,9435,48294,13078,7659,13078,33431,13112,48336,517,9462,1501,9442,9443,19,7846,7856,13215,9434,9904,14303,48295,7802,13112,20,20,7851,20,9939,24800,7802,9435,13249,7833,9435,7864,20,8990,24800,7802,7833,9443,8814,7802,7823,8741,48295,13961,7849,13283,8814,13843,13283,8746,13961,1514,9443,7802,7824,20,1187,8746,8741,36136,19,9443,19534,7864,24784
7254,13843,48333,7802,7864,7864,8744,8746,7852,24800,9435,48294,13078,7659,13078,33431,13112,48336,517,9462,1501,9442,9443,19,7846,7856,13215,9434,9904,14303,48295,7802,13112,20,20,7851,20,9939,24800,7802,9435,13249,7833,9435,7864,20,8990,24800,7802,7833,9443,8814,7802,7823,8741,48295,13961,7849,13283,8814,13843,13283,8746,13961,1514,9443,7802,7824,20,1187,8746,8741,36136,19,9443,19534,7864,24783
7254,13843,48333,7802,7864,7864,8744,8746,7852,24800,9435,48294,13078,7659,13078,33431,13112,48336,517,9462,1501,9442,9443,19,7846,7856,13215,9434,9904,14303,48295,7802,13112,20,20,7851,20,9939,24800,7802,9435,13249,7833,9435,7864,20,8990,24800,7802,7833,9443,8814,7802,7823,8741,48295,13961,7849,13283,8814,13843,13283,8746,13961,1514,9443,7802,7824,20,1187,8746,8741,36136,19,9443,19534,7864,24782
7254,13843,48333,7802,7864,7864,8744,8746,13961,24800,9435,48294,13078,7659,13078,33431,13112,48336,517,9462,1501,9442,9443,19,7846,7856,13215,9434,9904,14303,48295,7802,13112,20,20,7852,20,9939,24800,7802,9435,13249,7833,9435,7864,20,8990,24800,7802,7833,9443,8814,7802,7823,8741,48295,1187,7849,13283,8814,13843,13283,8746,41166,1514,9443,7802,7824,20,1187,8746,8741,36136,19,9443,19534,7864,41165
7254,13843,48333,7802,7864,7864,8744,8746,13961,24800,9435,48294,13078,7659,13078,33431,13112,48336,517,9462,1501,9442,9443,19,7846,7856,13215,9434,9904,14303,48295,7802,13112,20,20,7852,20,9939,24800,7802,9435,13249,7833,9435,7864,20,8990,24800,7802,7833,9443,8814,7802,7823,8741,48295,1187,7849,13283,8814,13843,13283,8746,13961,1514,9443,7802,7824,20,1187,8746,8741,36136,19,9443,19534,7864,40552
7254,13843,48333,7802,7864,7864,8744,8746,13961,24800,9435,48294,13078,7659,13078,33431,13112,48336,517,9462,1501,9442,9443,19,7846,7856,13215,9434,9904,14303,48295,7802,13112,20,20,7852,20,9939,24800,7802,9435,13249,7833,9435,7864,20,8990,24800,7802,7833,9443,8814,7802,7823,8741,48295,1187,7849,13283,8814,13843,13283,8746,37645,1514,9443,7802,7824,20,1187,8746,8741,36136,19,9443,19534,7864,39403
7254,13843,48333,7802,7864,7864,8744,8746,13961,24800,9435,48294,13078,7659,13078,33431,13112,48336,517,9462,1501,9442,9443,19,7846,7856,13215,9434,9904,14303,48295,7802,13112,20,20,7852,20,9939,24800,7802,9435,13249,7833,9435,7864,20,8990,24800,7802,7833,9443,8814,7802,7823,8741,48295,1187,7849,13283,8814,13843,13283,8746,13961,1514,9443,7802,7824,20,1187,8746,8741,36136,19,9443,19534,7864,39269
7254,13843,48333,7802,7864,7864,8744,8746,13961,24800,9435,48294,13078,7659,13078,33431,13112,48336,517,9462,1501,9442,9443,19,7846,7856,13215,9434,9904,14303,48295,7802,13112,20,20,7852,20,9939,24800,7802,9435,13249,7833,9435,7864,20,8990,24800,7802,7833,9443,8814,7802,7823,8741,48295,1187,7849,13283,8814,13843,13283,8746,37645,1514,9443,7802,7824,20,1187,8746,8741,36136,19,9443,19534,7864,37644
7254,13843,48333,7802,7864,7864,8744,8746,13961,24800,9435,48294,13078,7659,13078,33431,13112,48336,517,9462,1501,9442,9443,19,7846,7856,13215,9434,9904,14303,48295,7802,13112,20,20,7852,20,9939,24800,7802,9435,13249,7833,9435,7864,20,8990,24800,7802,7833,9443,8814,7802,7823,8741,48295,1187,7849,13283,8814,13843,13283,8746,13961,1514,9443,7802,7824,20,1187,8746,8741,36136,19,9443,19534,7864,37282
7254,13843,48333,7802,7864,7864,8744,8746,13961,24800,9435,48294,13078,7659,13078,33431,13112,48336,517,9462,1501,9442,9443,19,7846,7856,13215,9434,9904,14303,48295,7802,13112,20,20,7852,20,9939,24800,7802,9435,13249,7833,9435,7864,20,8990,24800,7802,7833,9443,8814,7802,7823,8741,48295,1187,7849,13283,8814,13843,13283,8746,13961,1514,9443,7802,7824,20,1187,8746,8741,36136,19,9443,19534,7864,35476
7254,13843,48333,7802,7864,7864,8744,8746,13961,24800,9435,48294,13078,7659,13078,33431,13112,48336,517,9462,1501,9442,9443,19,7846,7856,13215,9434,9904,14303,48295,7802,13112,20,20,7852,20,9939,24800,7802,9435,13249,7833,9435,7864,20,8990,24800,7802,7833,9443,8814,7802,7823,8741,48295,1187,7849,13283,8814,13843,13283,8746,13961,1514,9443,7802,7824,20,1187,8746,8741,36136,19,9443,19534,7864,35032
7254,13843,48333,7802,7864,7864,8744,8746,13961,24800,9435,48294,13078,7659,13078,33431,13112,48336,517,9462,1501,9442,9443,19,7846,7856,13215,9434,9904,14303,48295,7802,13112,20,20,7852,20,9939,24800,7802,9435,13249,7833,9435,7864,20,8990,24800,7802,7833,9443,8814,7802,7823,8741,48295,1187,7849,13283,8814,13843,13283,8746,13961,1514,9443,7802,7824,20,1187,8746,8741,36136,19,9443,19534,7864,33921
7254,13843,48333,7802,7864,7864,8744,8746,13961,24800,9435,48294,13078,7659,13078,33431,13112,48336,517,9462,1501,9442,9443,19,7846,7856,13215,9434,9904,14303,48295,7802,13112,20,20,7852,20,9939,24800,7802,9435,13249,7833,9435,7864,20,8990,24800,7802,7833,9443,8814,7802,7823,8741,48295,1187,7849,13283,8814,13843,13283,8746,13961,1514,9443,7802,7824,20,565,8746,8741,36136,19,9443,19534,7864,33153
7254,13843,48333,7802,7864,7864,8744,8746,48295,24800,9435,48296,13078,7659,13078,33431,13112,48336,517,9462,1501,9442,9443,19,7846,7856,13215,9434,9904,14303,48294,7802,13112,20,20,7852,20,9939,24800,7802,9435,13249,7833,9435,7864,20,8990,24800,7802,7833,9443,8814,7802,7823,8741,48295,13961,7849,13283,8814,13843,13283,8746,13961,1514,9443,7802,7824,20,1187,8746,8741,36136,19,9443,19534,7864,48293
7254,13843,48333,7802,7864,7864,8744,8746,36136,24800,9435,48294,13078,7659,13078,33431,13112,48336,517,9462,1501,9442,9443,19,7846,7856,13215,9434,9904,14303,48295,7802,13112,20,20,7852,20,9939,24800,7802,9435,13249,7833,9435,7864,20,8990,24800,7802,7833,9443,8814,7802,7823,8741,48295,13961,7849,13283,8814,13843,13283,8746,13961,1514,9443,7802,7824,20,1187,8746,8741,36135,19,9443,19534,7864,36134
